-- phpMyAdmin SQL Dump
-- version 4.7.4
-- https://www.phpmyadmin.net/
--
-- Host: 127.0.0.1
-- Generation Time: Mar 10, 2018 at 12:55 AM
-- Server version: 10.1.29-MariaDB
-- PHP Version: 7.1.12

SET SQL_MODE = "NO_AUTO_VALUE_ON_ZERO";
SET AUTOCOMMIT = 0;
START TRANSACTION;
SET time_zone = "+00:00";


/*!40101 SET @OLD_CHARACTER_SET_CLIENT=@@CHARACTER_SET_CLIENT */;
/*!40101 SET @OLD_CHARACTER_SET_RESULTS=@@CHARACTER_SET_RESULTS */;
/*!40101 SET @OLD_COLLATION_CONNECTION=@@COLLATION_CONNECTION */;
/*!40101 SET NAMES utf8mb4 */;

--
-- Database: `eapi`
--

-- --------------------------------------------------------

--
-- Table structure for table `migrations`
--

CREATE TABLE `migrations` (
  `id` int(10) UNSIGNED NOT NULL,
  `migration` varchar(255) COLLATE utf8mb4_unicode_ci NOT NULL,
  `batch` int(11) NOT NULL
) ENGINE=InnoDB DEFAULT CHARSET=utf8mb4 COLLATE=utf8mb4_unicode_ci;

--
-- Dumping data for table `migrations`
--

INSERT INTO `migrations` (`id`, `migration`, `batch`) VALUES
(1, '2018_03_09_230637_create_products_table', 1),
(2, '2018_03_09_230659_create_reviews_table', 1);

-- --------------------------------------------------------

--
-- Table structure for table `products`
--

CREATE TABLE `products` (
  `id` int(10) UNSIGNED NOT NULL,
  `name` varchar(255) COLLATE utf8mb4_unicode_ci NOT NULL,
  `detail` text COLLATE utf8mb4_unicode_ci NOT NULL,
  `price` int(11) NOT NULL,
  `stock` int(11) NOT NULL,
  `discount` int(11) NOT NULL,
  `created_at` timestamp NULL DEFAULT NULL,
  `updated_at` timestamp NULL DEFAULT NULL
) ENGINE=InnoDB DEFAULT CHARSET=utf8mb4 COLLATE=utf8mb4_unicode_ci;

--
-- Dumping data for table `products`
--

INSERT INTO `products` (`id`, `name`, `detail`, `price`, `stock`, `discount`, `created_at`, `updated_at`) VALUES
(1, 'ut', 'Similique ipsa nihil eius fuga. Vitae facilis quos dolore similique. Architecto non dignissimos dolor a sit in. Sit et quia odit voluptatibus.', 465, 9, 18, '2018-03-09 22:54:17', '2018-03-09 22:54:17'),
(2, 'dolorem', 'Animi praesentium praesentium atque dignissimos. Dolor iure aut placeat sequi. Vel et natus voluptas dolorem molestias ut.', 844, 9, 17, '2018-03-09 22:54:17', '2018-03-09 22:54:17'),
(3, 'magni', 'Corrupti eligendi incidunt esse temporibus eligendi iste totam. Itaque maxime voluptatem non. Voluptatem quae magnam est delectus ut voluptatem saepe quos. Consequatur ut deleniti dolor quidem.', 545, 8, 7, '2018-03-09 22:54:17', '2018-03-09 22:54:17'),
(4, 'distinctio', 'Sed nisi animi voluptas molestias repellendus illo architecto. Sit culpa autem repudiandae atque voluptatem ipsum.', 855, 2, 16, '2018-03-09 22:54:17', '2018-03-09 22:54:17'),
(5, 'eos', 'Aut ex non aut sapiente et. Fugiat sunt cum repudiandae tempore qui repudiandae. Culpa nulla architecto totam consequuntur debitis rerum. Veritatis fuga suscipit veniam voluptatem.', 835, 0, 29, '2018-03-09 22:54:17', '2018-03-09 22:54:17'),
(6, 'saepe', 'Iste iusto tenetur ut est voluptatem harum. Sint quo nostrum nihil ipsum vel distinctio. Debitis adipisci recusandae autem fugiat odio eveniet consequatur.', 692, 4, 11, '2018-03-09 22:54:17', '2018-03-09 22:54:17'),
(7, 'voluptatem', 'Molestias fugiat et ratione necessitatibus incidunt ad. Nobis quo vel pariatur laboriosam aspernatur maxime cupiditate voluptatem. Delectus cumque nesciunt quia harum. Sequi adipisci est id autem iusto itaque.', 773, 7, 30, '2018-03-09 22:54:17', '2018-03-09 22:54:17'),
(8, 'magnam', 'Accusantium unde ipsam numquam sit sequi et velit quia. Et et et aut veniam eos voluptas deleniti. Impedit explicabo deserunt vero est.', 903, 6, 6, '2018-03-09 22:54:17', '2018-03-09 22:54:17'),
(9, 'sequi', 'Cumque sint hic itaque mollitia. Dolore quia voluptatem ad qui omnis sed eum. Reiciendis temporibus voluptas et qui qui dolorem qui. Quis facilis exercitationem quod.', 193, 9, 24, '2018-03-09 22:54:17', '2018-03-09 22:54:17'),
(10, 'saepe', 'Qui tempore eum animi assumenda suscipit dolorem maiores. Minima qui consequatur qui velit qui ipsa ut. Et porro quod ea dolorem eos numquam. Vel nesciunt voluptatum aut aliquid quia.', 266, 8, 20, '2018-03-09 22:54:17', '2018-03-09 22:54:17'),
(11, 'ratione', 'Sed et sapiente quos laborum molestiae qui. Vel quasi doloremque distinctio ea saepe et. Ducimus itaque cupiditate voluptates sunt unde labore laudantium. Enim aperiam sit est. Velit rerum et culpa ut dicta ut.', 171, 0, 18, '2018-03-09 22:54:17', '2018-03-09 22:54:17'),
(12, 'a', 'Minus porro illo quisquam minima eos. Vel sunt asperiores quis voluptas qui expedita ducimus. Modi beatae perspiciatis ad ipsam praesentium ratione dolores.', 931, 8, 19, '2018-03-09 22:54:17', '2018-03-09 22:54:17'),
(13, 'dignissimos', 'Ut nam quia non nisi. Quo nobis enim qui quae sit. Et sit consequatur voluptatem.', 314, 0, 17, '2018-03-09 22:54:17', '2018-03-09 22:54:17'),
(14, 'mollitia', 'Est optio error perferendis non accusantium ratione. Optio non eum enim ducimus quo. A deleniti ea incidunt id vel vero possimus.', 213, 3, 21, '2018-03-09 22:54:17', '2018-03-09 22:54:17'),
(15, 'reprehenderit', 'Fuga aut ipsa qui quo facere. Porro voluptatum voluptatem praesentium voluptatem omnis possimus repudiandae. Odio illo non rerum voluptatem quo fuga.', 756, 6, 5, '2018-03-09 22:54:17', '2018-03-09 22:54:17'),
(16, 'illum', 'Aut aut ipsum dolores sed sunt distinctio numquam. Neque dignissimos quis minus inventore praesentium quia consequuntur. Sunt aut officiis ut.', 402, 0, 2, '2018-03-09 22:54:17', '2018-03-09 22:54:17'),
(17, 'dicta', 'Ut ut quod rerum pariatur iure. Corrupti quis nam et quam. Et adipisci qui amet sunt officia. Ut quod ut aut quia voluptate sint eligendi.', 234, 2, 7, '2018-03-09 22:54:17', '2018-03-09 22:54:17'),
(18, 'perspiciatis', 'Harum et aliquid sequi officia ducimus. Voluptatem odit nostrum ratione debitis sit non quos. Voluptatem numquam vitae omnis accusantium quia ut laborum.', 522, 6, 27, '2018-03-09 22:54:17', '2018-03-09 22:54:17'),
(19, 'similique', 'Cumque est voluptatibus et aut tenetur quae quis. Nulla quidem nostrum reiciendis consectetur sunt exercitationem. Quam eaque enim repellendus voluptatum unde. Nam sed error qui minus quam.', 310, 3, 12, '2018-03-09 22:54:17', '2018-03-09 22:54:17'),
(20, 'unde', 'Debitis odit iure veniam non commodi. Et blanditiis eaque qui expedita ab. Ad quaerat magnam unde nihil.', 855, 8, 5, '2018-03-09 22:54:17', '2018-03-09 22:54:17'),
(21, 'cum', 'Molestias eligendi aut corrupti rerum consequatur a. Et distinctio enim culpa ab ea voluptatum autem. Earum iure quae eum aut. Similique et saepe libero alias soluta.', 393, 6, 22, '2018-03-09 22:54:17', '2018-03-09 22:54:17'),
(22, 'quis', 'Exercitationem quia earum est officiis qui. Enim aspernatur autem fuga nisi placeat sed commodi vero. Quae at natus veniam veniam quia accusantium blanditiis non. Distinctio qui quo cumque nihil.', 154, 3, 9, '2018-03-09 22:54:17', '2018-03-09 22:54:17'),
(23, 'ad', 'Et quo dolores eius repellat fugit incidunt sunt. Voluptate consectetur architecto similique ipsam harum quibusdam qui beatae. Dolor minima consectetur et earum.', 379, 3, 23, '2018-03-09 22:54:17', '2018-03-09 22:54:17'),
(24, 'aut', 'Autem velit dolores qui facere mollitia voluptatem dolorem. In animi facere unde voluptatem nulla et. Laboriosam exercitationem labore et illum et perspiciatis quos dolorem. Ut voluptatibus et voluptatibus odio. Explicabo corporis nulla aliquam atque voluptas quis.', 743, 6, 10, '2018-03-09 22:54:17', '2018-03-09 22:54:17'),
(25, 'explicabo', 'Voluptate vero recusandae sed porro quo animi explicabo repellendus. Alias et quia nisi consequatur est amet similique. Voluptatem necessitatibus quae et et consectetur enim.', 774, 5, 5, '2018-03-09 22:54:17', '2018-03-09 22:54:17'),
(26, 'porro', 'Dolor laudantium corrupti qui corporis. Magni earum dolorum in facilis. Aut iusto quas odit sed. Assumenda vero eos sunt quis.', 621, 2, 22, '2018-03-09 22:54:17', '2018-03-09 22:54:17'),
(27, 'id', 'Repellat laborum dicta qui officia. Sed totam repellat cum. Et autem voluptatem accusamus est modi aspernatur. Et velit nemo iste quo itaque iure.', 325, 3, 14, '2018-03-09 22:54:17', '2018-03-09 22:54:17'),
(28, 'vel', 'Ea autem modi quae ut quaerat voluptate in. Officiis minima ut tenetur eum non. Repellat eligendi earum quidem assumenda nihil. Laudantium velit dolor ullam sapiente rerum quibusdam quaerat.', 394, 3, 30, '2018-03-09 22:54:17', '2018-03-09 22:54:17'),
(29, 'qui', 'Voluptas mollitia voluptas exercitationem voluptatem. Nesciunt sed inventore omnis voluptatem.', 893, 5, 22, '2018-03-09 22:54:17', '2018-03-09 22:54:17'),
(30, 'laboriosam', 'Iusto modi nulla aut nemo quia aspernatur officiis. Aliquam blanditiis tempora officiis id culpa debitis. Adipisci et officia aliquam illum.', 925, 3, 27, '2018-03-09 22:54:17', '2018-03-09 22:54:17'),
(31, 'aut', 'Voluptas et nihil maxime repellat reiciendis voluptas mollitia. Qui in est enim hic a maxime nam. Et dignissimos aut et velit assumenda. Dolorem cum enim qui est.', 347, 1, 24, '2018-03-09 22:54:17', '2018-03-09 22:54:17'),
(32, 'eaque', 'Tempore est ad nulla incidunt sit. Nihil necessitatibus quia quas ad cumque ducimus blanditiis. Qui cum nesciunt consequatur itaque eveniet. Voluptas temporibus laboriosam tenetur facere et.', 269, 1, 30, '2018-03-09 22:54:17', '2018-03-09 22:54:17'),
(33, 'dolor', 'Incidunt quia iusto consequuntur dolores. Molestiae eveniet est dolore voluptas cupiditate esse. Corporis molestiae et est commodi repellat.', 641, 8, 9, '2018-03-09 22:54:17', '2018-03-09 22:54:17'),
(34, 'autem', 'Voluptas est et et voluptatem in explicabo. Est aut facilis quibusdam non quia beatae corporis. Earum consequatur commodi doloremque sit repellendus.', 913, 8, 28, '2018-03-09 22:54:17', '2018-03-09 22:54:17'),
(35, 'sint', 'Velit enim ut est dicta. Voluptatem aliquid pariatur velit voluptatem consequatur mollitia quia vel. Sit aperiam quia pariatur est alias.', 889, 4, 5, '2018-03-09 22:54:17', '2018-03-09 22:54:17'),
(36, 'non', 'Facere voluptatem eos libero. Blanditiis excepturi esse a architecto. Animi blanditiis perferendis soluta ut atque.', 485, 2, 28, '2018-03-09 22:54:17', '2018-03-09 22:54:17'),
(37, 'minus', 'Soluta non natus labore accusantium repudiandae distinctio impedit. Quo rerum corporis dignissimos est nisi eaque. Tenetur eos quo voluptatum eveniet non.', 431, 8, 26, '2018-03-09 22:54:17', '2018-03-09 22:54:17'),
(38, 'deleniti', 'Ipsum commodi sapiente consequuntur fuga commodi exercitationem. Perspiciatis sequi sit facilis repellendus nisi. Et aut cumque alias id doloribus. Et iste eum ad quis quia nihil.', 431, 1, 29, '2018-03-09 22:54:17', '2018-03-09 22:54:17'),
(39, 'nihil', 'Dolorem laboriosam perferendis maiores et eveniet. Dolores vitae molestiae voluptatibus id.', 764, 3, 17, '2018-03-09 22:54:17', '2018-03-09 22:54:17'),
(40, 'fugit', 'Quam in quae officiis voluptatem. Quia rem eum qui ullam sed non vero. Ex natus sunt earum voluptate sapiente. Dolore voluptatem nam ut dolore molestias nobis provident.', 107, 2, 27, '2018-03-09 22:54:17', '2018-03-09 22:54:17'),
(41, 'esse', 'Eos quo est adipisci aspernatur. Vel quae pariatur id in nam. Aliquid aut sit doloremque sit nesciunt dicta modi enim.', 903, 7, 11, '2018-03-09 22:54:17', '2018-03-09 22:54:17'),
(42, 'incidunt', 'Et odio odio unde voluptas quod dignissimos. In est voluptas ab aut rerum quia rem. In cum molestiae sed consectetur saepe dolores ut.', 799, 6, 2, '2018-03-09 22:54:17', '2018-03-09 22:54:17'),
(43, 'qui', 'In non sit quam ipsa sed nostrum. Qui perferendis aut voluptatem nisi enim ratione. Nisi optio delectus impedit esse. Aut ut qui iure nihil voluptas iure. Vel sed consequatur et sunt nihil.', 402, 6, 12, '2018-03-09 22:54:17', '2018-03-09 22:54:17'),
(44, 'distinctio', 'Quia velit fugit soluta quas ut. Odit nostrum inventore voluptas sint tenetur nulla. Sit fugiat et in nisi optio consequuntur. Quis possimus sit nostrum voluptas distinctio quia.', 872, 3, 13, '2018-03-09 22:54:17', '2018-03-09 22:54:17'),
(45, 'deleniti', 'Vel enim voluptatibus voluptatem dignissimos. Tenetur itaque sint iusto laborum omnis blanditiis consequatur. Quis quos quia sint dolore non adipisci qui perspiciatis. Nihil officiis labore illo sint quae.', 394, 6, 14, '2018-03-09 22:54:17', '2018-03-09 22:54:17'),
(46, 'qui', 'Unde beatae et rem cumque minima reprehenderit. Deserunt explicabo quisquam hic ut. Ut nisi quod ipsa aut quam. Deserunt nam accusantium error rem.', 746, 0, 7, '2018-03-09 22:54:17', '2018-03-09 22:54:17'),
(47, 'dolores', 'Nesciunt hic quia rerum non quis totam nihil tenetur. Cupiditate libero debitis delectus et culpa dolorum. Quae sit ut quam consectetur cumque soluta possimus.', 481, 5, 6, '2018-03-09 22:54:17', '2018-03-09 22:54:17'),
(48, 'deserunt', 'Et autem molestiae minus quis dignissimos minima qui. Dolores eveniet consequatur culpa veritatis. Tempora est omnis delectus neque voluptatem soluta id enim. Minus et voluptas reiciendis.', 576, 5, 30, '2018-03-09 22:54:17', '2018-03-09 22:54:17'),
(49, 'totam', 'Rem incidunt atque consequatur omnis quam neque aut repellat. A repellat sit minus nam. Consequatur itaque recusandae ea. Animi et deleniti minus voluptas laboriosam reprehenderit.', 516, 6, 30, '2018-03-09 22:54:17', '2018-03-09 22:54:17'),
(50, 'voluptatem', 'Non sint est corrupti. Odit ducimus nihil aliquid quidem eum quis sed. Harum porro ea illo a perspiciatis maiores quia.', 575, 8, 15, '2018-03-09 22:54:17', '2018-03-09 22:54:17');

-- --------------------------------------------------------

--
-- Table structure for table `reviews`
--

CREATE TABLE `reviews` (
  `id` int(10) UNSIGNED NOT NULL,
  `product_id` int(10) UNSIGNED NOT NULL,
  `customer` varchar(255) COLLATE utf8mb4_unicode_ci NOT NULL,
  `review` text COLLATE utf8mb4_unicode_ci NOT NULL,
  `star` int(11) NOT NULL,
  `created_at` timestamp NULL DEFAULT NULL,
  `updated_at` timestamp NULL DEFAULT NULL
) ENGINE=InnoDB DEFAULT CHARSET=utf8mb4 COLLATE=utf8mb4_unicode_ci;

--
-- Dumping data for table `reviews`
--

INSERT INTO `reviews` (`id`, `product_id`, `customer`, `review`, `star`, `created_at`, `updated_at`) VALUES
(1, 8, 'Mr. Pierre Harvey I', 'Perferendis quae qui repudiandae expedita. Eveniet aperiam enim adipisci nisi porro quasi. Quam sed nostrum quaerat temporibus et nisi. Est a sit est id sunt odio iusto ad. Enim eos similique iure iste voluptatum velit.', 2, '2018-03-09 22:54:18', '2018-03-09 22:54:18'),
(2, 28, 'Ashlee Willms', 'Ipsa laudantium temporibus aperiam harum. Ut cupiditate ipsam quisquam cupiditate odit. Debitis et suscipit harum modi eius nemo. Omnis mollitia sunt eum est corporis.', 3, '2018-03-09 22:54:18', '2018-03-09 22:54:18'),
(3, 43, 'Sadye Jerde', 'Non sunt eos blanditiis ut quis ratione. Quas itaque placeat quae id fuga ipsa sit. Atque ratione adipisci dolore quos quae.', 3, '2018-03-09 22:54:18', '2018-03-09 22:54:18'),
(4, 46, 'Ellie Torphy', 'Quia et expedita consequatur ullam. Ea iure molestiae voluptatem deleniti voluptatem aut. Aut explicabo dolorem magni.', 0, '2018-03-09 22:54:18', '2018-03-09 22:54:18'),
(5, 23, 'Mrs. Calista Feest Jr.', 'A odit id quia quae eveniet qui. Ex quibusdam voluptatum alias vel ratione odio soluta. Et dolorem debitis ullam iusto cumque explicabo.', 4, '2018-03-09 22:54:18', '2018-03-09 22:54:18'),
(6, 48, 'Christa Bode', 'Aspernatur iusto facilis excepturi. Tempore et optio dolor dolorem. Deleniti qui maiores vel aut quia.', 5, '2018-03-09 22:54:18', '2018-03-09 22:54:18'),
(7, 15, 'Zander Gleason', 'Et ducimus quod perspiciatis est sed quia sed similique. Maiores mollitia dolore voluptatum atque. Est omnis sapiente aliquam voluptates ut.', 3, '2018-03-09 22:54:18', '2018-03-09 22:54:18'),
(8, 28, 'Bertram Homenick', 'Consequatur pariatur sequi nihil et. Voluptatem quia eos voluptatem. Eaque dolorem culpa et molestias natus et delectus. Rerum ut veritatis sed. Autem temporibus optio dolores ut rerum.', 5, '2018-03-09 22:54:18', '2018-03-09 22:54:18'),
(9, 24, 'Rylan Wolff', 'Voluptatem vero voluptatem modi voluptatum magnam sit deleniti. Dolores temporibus voluptates provident expedita recusandae possimus. Voluptatem ab tempora delectus ducimus suscipit earum ullam.', 1, '2018-03-09 22:54:18', '2018-03-09 22:54:18'),
(10, 36, 'Miss Brielle Rohan', 'Nemo aut ducimus repellat sint nam veniam et error. Perspiciatis vero sit odio facere sit. Tenetur iste enim a dolorem. Sit quasi a unde.', 0, '2018-03-09 22:54:18', '2018-03-09 22:54:18'),
(11, 46, 'Mae Kris', 'Cum et voluptatem est similique. Sint qui dolor ut dolores. Odit enim suscipit iusto libero quo. Facilis suscipit quos velit ab ex autem rerum.', 4, '2018-03-09 22:54:18', '2018-03-09 22:54:18'),
(12, 1, 'Tamara Schumm', 'Sunt dolorem asperiores corporis consequatur nobis. Tempore sit minima vel ipsa libero dignissimos.', 1, '2018-03-09 22:54:18', '2018-03-09 22:54:18'),
(13, 46, 'Laisha Hagenes MD', 'Eum minima soluta incidunt rerum consequuntur dolores. Nihil voluptas culpa dolore. Nostrum autem sint veritatis delectus vel dolore quia. Omnis ipsa minima illo.', 3, '2018-03-09 22:54:18', '2018-03-09 22:54:18'),
(14, 38, 'Harley Miller I', 'Et eaque quod sint velit qui facere non. Laboriosam occaecati harum sapiente. Cumque qui tenetur omnis culpa ab inventore sapiente voluptate. Eligendi reprehenderit ex inventore excepturi occaecati architecto ullam. A dolore omnis provident numquam atque.', 2, '2018-03-09 22:54:18', '2018-03-09 22:54:18'),
(15, 34, 'Brendon Pagac', 'Consequatur repellat corrupti mollitia itaque accusantium. Quo ipsum doloremque odio repudiandae aliquam quos eaque aut.', 0, '2018-03-09 22:54:18', '2018-03-09 22:54:18'),
(16, 2, 'Ali Veum II', 'Molestiae quis sed dolorum commodi totam ut explicabo et. Dolores quidem veniam harum voluptatem. Voluptas qui est dolorem repellendus necessitatibus.', 4, '2018-03-09 22:54:18', '2018-03-09 22:54:18'),
(17, 13, 'Dr. Yvonne Kling', 'Earum mollitia quibusdam repudiandae animi. Non quo architecto ut est consectetur laudantium quia. Consectetur quaerat in ut culpa aut iusto.', 5, '2018-03-09 22:54:18', '2018-03-09 22:54:18'),
(18, 8, 'Carol Stracke', 'Voluptatum dicta eaque quia quae molestiae. Consectetur explicabo autem suscipit rerum ut. Molestiae magnam praesentium ut recusandae assumenda. Rerum quod in dolor accusamus est.', 3, '2018-03-09 22:54:18', '2018-03-09 22:54:18'),
(19, 10, 'Ephraim Mann', 'Minus minus veritatis molestias unde. Voluptatem expedita non officia qui laudantium eos saepe non. Voluptatem dolore nostrum rerum velit culpa quaerat.', 0, '2018-03-09 22:54:18', '2018-03-09 22:54:18'),
(20, 43, 'Mr. Ceasar Toy I', 'Velit atque fugiat voluptas voluptatem atque qui sit. Consequatur et quo est tempore. Voluptatem est illum totam. Totam a aut quod a molestiae et hic voluptas.', 5, '2018-03-09 22:54:18', '2018-03-09 22:54:18'),
(21, 5, 'Coby Parker', 'Quod laboriosam quas voluptatem enim. Est neque dolorem quisquam amet est rerum dolores quam. Enim animi numquam natus accusantium. Nesciunt earum earum veniam ea.', 5, '2018-03-09 22:54:18', '2018-03-09 22:54:18'),
(22, 8, 'Dr. Bernadette Jerde', 'Temporibus magnam cum similique beatae officiis. Sit optio aliquam recusandae.', 1, '2018-03-09 22:54:18', '2018-03-09 22:54:18'),
(23, 10, 'Dr. Jake Rodriguez II', 'Enim libero sint rerum odio facere quos. Ut enim quia nesciunt non velit. Nisi omnis molestias soluta amet. Perspiciatis earum aliquid modi quam.', 5, '2018-03-09 22:54:18', '2018-03-09 22:54:18'),
(24, 5, 'Prof. Alford Dibbert', 'Officia voluptatibus dolorem enim. Maxime suscipit dicta nisi aut. Quia quia iusto alias vitae modi et exercitationem. Accusamus beatae dolores veniam non. Enim rerum quia natus.', 4, '2018-03-09 22:54:18', '2018-03-09 22:54:18'),
(25, 20, 'Mr. Mustafa Schoen', 'Maiores magnam molestias similique quisquam autem. Rerum quis consequatur perspiciatis vero. Sed voluptatem provident mollitia ut. Et aut omnis sint nemo ea velit. Velit aperiam inventore aut est similique quam quo.', 1, '2018-03-09 22:54:18', '2018-03-09 22:54:18'),
(26, 38, 'Susanna Adams', 'Voluptatem a et quae in consectetur et provident. Quibusdam aperiam eum nulla eos animi. Aperiam et ea tenetur voluptate et ut impedit.', 5, '2018-03-09 22:54:18', '2018-03-09 22:54:18'),
(27, 5, 'Melissa Metz', 'Et quis sunt nostrum omnis. Quia accusantium magni autem quia. Dolores cupiditate unde nisi et quibusdam laboriosam.', 4, '2018-03-09 22:54:18', '2018-03-09 22:54:18'),
(28, 40, 'Miss Misty Littel', 'Aut pariatur cupiditate ea consequatur. Omnis dolorem ut assumenda et qui sunt. Architecto illo dolore labore nobis et doloremque dolor et. Nihil sint ad ut sequi.', 1, '2018-03-09 22:54:18', '2018-03-09 22:54:18'),
(29, 16, 'D\'angelo Hilpert Sr.', 'Rem non iste aliquid molestias. Vitae optio eum eius odit labore quia. Recusandae facilis tempore eum ut. Inventore sunt et ut doloremque sunt.', 1, '2018-03-09 22:54:18', '2018-03-09 22:54:18'),
(30, 14, 'Antonietta O\'Connell', 'Commodi consequatur modi exercitationem eos ab eligendi. Architecto voluptatum eos minima voluptatem. Optio corrupti et ut enim ut molestias aperiam quia. Quo soluta maxime sunt sit sed rerum.', 5, '2018-03-09 22:54:18', '2018-03-09 22:54:18'),
(31, 33, 'Nedra Kling', 'A aut id asperiores occaecati. Non et vel velit voluptatem repellendus et. Eius et delectus dolores qui odio placeat velit.', 5, '2018-03-09 22:54:18', '2018-03-09 22:54:18'),
(32, 26, 'Dr. Sandy Wisozk', 'Impedit quaerat error voluptatum. Architecto sint id nihil nobis dolorem architecto. Nobis incidunt tenetur et doloremque placeat. Eum perferendis adipisci laudantium ut consectetur iure.', 2, '2018-03-09 22:54:18', '2018-03-09 22:54:18'),
(33, 14, 'Linwood Becker', 'Qui non aut quisquam voluptatem. Eveniet magnam omnis fuga corrupti. Rerum tempore quo qui.', 5, '2018-03-09 22:54:18', '2018-03-09 22:54:18'),
(34, 12, 'Leatha Hahn', 'Quam ipsum eos rerum quia. Facilis nemo consequatur natus ducimus saepe quae. Nobis sint corrupti quibusdam aspernatur. Velit totam provident deserunt a.', 0, '2018-03-09 22:54:18', '2018-03-09 22:54:18'),
(35, 11, 'Dr. Jovani Cruickshank', 'Saepe eaque voluptatibus in et. Dolores quia soluta ea ullam officia. Consequatur maiores sit eos quos id ad. Harum fuga vel voluptate ullam incidunt totam.', 5, '2018-03-09 22:54:18', '2018-03-09 22:54:18'),
(36, 39, 'Oda Weimann', 'Ipsa deserunt enim et dignissimos laudantium nihil voluptates. Corporis dolor vero aut magnam. Voluptates sapiente perferendis quaerat omnis in.', 5, '2018-03-09 22:54:18', '2018-03-09 22:54:18'),
(37, 28, 'Ubaldo Macejkovic', 'Quasi dignissimos nihil dolor ut. Aut ut quas quo eligendi repudiandae aut doloribus.', 4, '2018-03-09 22:54:18', '2018-03-09 22:54:18'),
(38, 12, 'Carmelo Crist', 'Doloremque aut neque suscipit veritatis aliquam. Est excepturi autem quia. Quis ducimus fugit voluptas voluptatum minima est quis. Ullam sapiente sapiente impedit voluptas. Quos architecto qui maxime tempora.', 5, '2018-03-09 22:54:18', '2018-03-09 22:54:18'),
(39, 43, 'Mrs. Hildegard Tremblay I', 'Sit ad dolorum natus et consequatur in. Voluptatem doloribus sed autem rerum. Necessitatibus sit autem odio.', 3, '2018-03-09 22:54:18', '2018-03-09 22:54:18'),
(40, 27, 'Tracy Sporer', 'Enim libero et commodi quasi laudantium laboriosam aspernatur. Officiis rerum id cumque aut nam et quos. Et incidunt qui quas suscipit cum architecto velit. Officiis eos sunt quae et.', 0, '2018-03-09 22:54:18', '2018-03-09 22:54:18'),
(41, 38, 'Miss Meaghan Friesen I', 'Molestias cupiditate facere totam aut voluptas omnis. Aut magnam itaque fugiat architecto et odit consequatur natus. Doloribus quo voluptas alias est. Voluptatum qui sit quisquam quam voluptates et.', 1, '2018-03-09 22:54:18', '2018-03-09 22:54:18'),
(42, 5, 'Zoila Kuhic', 'Culpa vero et recusandae natus suscipit. Modi aut consequuntur voluptatibus sit qui et eum. Voluptatum nemo harum aliquid ut ad harum excepturi maxime. Et tempora quod ut quis maxime expedita. Et non amet occaecati necessitatibus saepe sint odit.', 3, '2018-03-09 22:54:18', '2018-03-09 22:54:18'),
(43, 49, 'Karlee Mante', 'Et ut et error ut vel. Dolorem natus rem voluptatem provident sit blanditiis assumenda eos. Ipsam ipsum quae error aut. Porro voluptas accusantium nemo mollitia.', 1, '2018-03-09 22:54:18', '2018-03-09 22:54:18'),
(44, 50, 'Reid Tillman', 'Sed odit ea quia expedita impedit. Perspiciatis voluptas dicta nihil voluptate ea aliquam quia. Nobis eligendi velit illo totam perspiciatis.', 2, '2018-03-09 22:54:18', '2018-03-09 22:54:18'),
(45, 37, 'Mr. Rickie Steuber', 'Omnis aspernatur quaerat magni placeat quo architecto. Non delectus quo porro consequatur dolores temporibus. Ab sed aut aliquid mollitia assumenda. Sit optio eos placeat voluptatibus corrupti assumenda.', 4, '2018-03-09 22:54:18', '2018-03-09 22:54:18'),
(46, 6, 'Julie Kuvalis', 'Possimus omnis vel eius inventore accusantium necessitatibus natus sint. In tempora quia maxime nulla.', 1, '2018-03-09 22:54:18', '2018-03-09 22:54:18'),
(47, 41, 'Dr. Henderson Wiza', 'Earum porro similique quas quae. Et occaecati nulla harum ipsum qui accusamus. Incidunt velit cum expedita consequatur quod ipsa. Facere eos ab aut provident iusto nostrum.', 3, '2018-03-09 22:54:18', '2018-03-09 22:54:18'),
(48, 29, 'Dangelo Gutkowski', 'Suscipit in nobis asperiores non et. Dolorem adipisci veritatis modi vel. Sunt iusto similique rerum non ab consequatur et.', 0, '2018-03-09 22:54:18', '2018-03-09 22:54:18'),
(49, 49, 'Kailey Friesen DVM', 'Necessitatibus et quod id est perferendis blanditiis. Voluptatibus quod id distinctio amet nihil officia. Qui velit voluptatem error similique et. Ad dolorem incidunt dolorum.', 0, '2018-03-09 22:54:18', '2018-03-09 22:54:18'),
(50, 17, 'Prof. Leon Bergstrom', 'Est voluptatem sunt doloremque qui sint totam et. Impedit architecto voluptas numquam dolorum aperiam.', 1, '2018-03-09 22:54:18', '2018-03-09 22:54:18'),
(51, 12, 'Cristian Mertz', 'Corporis aliquid atque et. Distinctio excepturi ducimus qui voluptatibus. Maiores ea aut deserunt autem ducimus aut.', 5, '2018-03-09 22:54:18', '2018-03-09 22:54:18'),
(52, 9, 'Clarissa Rowe', 'Voluptatem accusamus qui doloremque quam modi. Veniam doloribus autem dolor quaerat. Qui dicta quo aut repudiandae.', 2, '2018-03-09 22:54:18', '2018-03-09 22:54:18'),
(53, 18, 'Prof. Tyrese Runolfsdottir', 'A asperiores aut enim est illum voluptatem ipsum. Iure rerum dolore est rem placeat numquam iure. Culpa perspiciatis et magni consequatur quisquam quas.', 4, '2018-03-09 22:54:18', '2018-03-09 22:54:18'),
(54, 31, 'Camylle Yundt', 'Voluptate culpa numquam quas quam aliquam praesentium officiis deserunt. Pariatur similique distinctio eveniet vero quia et libero. Inventore aut eos illum tempore minima et explicabo eum. Hic praesentium voluptatibus voluptatem nisi voluptas consequatur ullam.', 2, '2018-03-09 22:54:18', '2018-03-09 22:54:18'),
(55, 16, 'Monica Toy', 'Ut id laudantium blanditiis mollitia accusamus veritatis. Laudantium et debitis qui tempore quam cupiditate. Deserunt est dicta tenetur corrupti ipsum beatae. Aut iure et nam veritatis corrupti quia atque ad.', 3, '2018-03-09 22:54:18', '2018-03-09 22:54:18'),
(56, 18, 'Thelma Rogahn', 'Sint accusantium et sit libero aut modi enim sit. Eos sit sit ea. Molestiae placeat nam dolor enim.', 0, '2018-03-09 22:54:18', '2018-03-09 22:54:18'),
(57, 32, 'Dr. Mckayla Cremin', 'Fuga qui voluptatibus dolorem facere veritatis veritatis. Commodi non sapiente recusandae qui commodi est consectetur. Modi recusandae labore sunt velit. Officiis nulla sed quia omnis.', 5, '2018-03-09 22:54:18', '2018-03-09 22:54:18'),
(58, 34, 'Prof. Birdie Legros', 'Vero voluptatum blanditiis excepturi totam. Neque repellat voluptatem similique. Dolores et non sit modi omnis nesciunt incidunt.', 5, '2018-03-09 22:54:18', '2018-03-09 22:54:18'),
(59, 24, 'Jimmy White', 'Ab est veritatis in sit sequi. Numquam illo ea delectus sit omnis laborum omnis. Expedita tenetur necessitatibus animi.', 5, '2018-03-09 22:54:18', '2018-03-09 22:54:18'),
(60, 34, 'Prof. Doyle Brown', 'Qui ut velit dicta voluptate. Aut fugit tenetur assumenda vel dignissimos enim. Ut aut libero voluptas est ducimus repellendus. Dolor eligendi reiciendis id aut. Aut molestias hic voluptatum accusamus quo.', 5, '2018-03-09 22:54:18', '2018-03-09 22:54:18'),
(61, 43, 'Dr. Ambrose Stamm I', 'Dolore quo hic et eligendi omnis doloremque molestias. Neque beatae non et praesentium.', 4, '2018-03-09 22:54:18', '2018-03-09 22:54:18'),
(62, 21, 'Abe Lowe', 'Iste praesentium et necessitatibus incidunt est expedita non id. Quia rerum sit ipsa aut ipsam qui reiciendis. Aut ex dolores et et libero.', 5, '2018-03-09 22:54:18', '2018-03-09 22:54:18'),
(63, 48, 'Mrs. Cydney Fisher', 'Eos cumque magnam quis aut possimus. In officiis consequatur nesciunt accusantium quia. Dicta corporis sint aliquid sunt.', 0, '2018-03-09 22:54:18', '2018-03-09 22:54:18'),
(64, 10, 'Micaela Konopelski', 'Ab enim voluptate id ab aut modi. Aspernatur est est qui est aut. Et doloribus quo nihil qui voluptatem. Soluta eos possimus et dolor qui non.', 2, '2018-03-09 22:54:18', '2018-03-09 22:54:18'),
(65, 43, 'Grace Schuppe Sr.', 'Provident porro optio nisi molestias. Iure repellat expedita quis officiis. Deleniti aut ut facilis dolorum recusandae pariatur voluptatem.', 2, '2018-03-09 22:54:18', '2018-03-09 22:54:18'),
(66, 45, 'Prof. Isaac Goyette', 'Praesentium assumenda tenetur quidem nobis eveniet est illo. Ut consequatur est aliquid ex doloribus quis accusamus. Soluta illum laboriosam corporis rerum.', 4, '2018-03-09 22:54:18', '2018-03-09 22:54:18'),
(67, 12, 'Miss Samanta Kling IV', 'A commodi dolore animi eos voluptatem ipsum recusandae. Neque architecto aut quod porro voluptates ipsam. Labore ratione voluptatem officia vitae voluptas.', 5, '2018-03-09 22:54:18', '2018-03-09 22:54:18'),
(68, 25, 'Ezequiel O\'Conner', 'Alias at molestiae neque consectetur. Eum hic earum consequatur distinctio rerum qui sint. Repellat molestiae aut tenetur eligendi suscipit est ut.', 5, '2018-03-09 22:54:18', '2018-03-09 22:54:18'),
(69, 31, 'Dr. Keira Farrell', 'Fuga optio voluptas quia consequuntur. Voluptatem esse ipsam enim dolor sit similique et. Praesentium nihil nihil ex id. Porro corporis impedit non vero ut illo.', 0, '2018-03-09 22:54:18', '2018-03-09 22:54:18'),
(70, 4, 'Agustina Blanda', 'Voluptatum molestiae sed libero at debitis officia iusto quo. Cum ab totam placeat. Vel saepe autem ut reprehenderit. Repellendus error aspernatur reiciendis animi blanditiis commodi.', 2, '2018-03-09 22:54:18', '2018-03-09 22:54:18'),
(71, 49, 'Hardy Torphy', 'Nisi est labore earum sint aliquid dignissimos aut. Dolores veniam neque doloribus iusto nulla voluptas commodi. Iusto recusandae rerum itaque ducimus omnis et. Earum hic doloribus sit molestias quam rem.', 0, '2018-03-09 22:54:18', '2018-03-09 22:54:18'),
(72, 39, 'Claudine Boehm', 'Libero exercitationem molestiae hic aspernatur ex. Est dolorem maxime labore neque eveniet odio deleniti. Possimus est aliquam modi. Sed alias deserunt aut nam. Aut error eum quia eum facilis esse.', 3, '2018-03-09 22:54:18', '2018-03-09 22:54:18'),
(73, 1, 'Maye Swaniawski', 'Sunt perspiciatis enim nulla quaerat. Sit aliquid blanditiis sequi molestias voluptate neque. Sed modi reiciendis recusandae et eos quae debitis.', 4, '2018-03-09 22:54:18', '2018-03-09 22:54:18'),
(74, 31, 'Prof. Willard Hegmann DVM', 'Nesciunt quae ut aut non veritatis suscipit dolor. Magni dolore optio ducimus. Aspernatur quos voluptatibus modi perspiciatis velit nam reiciendis.', 0, '2018-03-09 22:54:18', '2018-03-09 22:54:18'),
(75, 44, 'Concepcion Buckridge', 'Dolore ducimus quo sed. Debitis error sit saepe molestias.', 5, '2018-03-09 22:54:18', '2018-03-09 22:54:18'),
(76, 1, 'Prof. Kendall Murray DDS', 'Repudiandae qui voluptas inventore beatae rerum dignissimos. Necessitatibus mollitia ducimus quia ratione quia. Commodi et illum rerum voluptatum cupiditate suscipit animi consequatur.', 0, '2018-03-09 22:54:18', '2018-03-09 22:54:18'),
(77, 37, 'Douglas Breitenberg III', 'Sequi aspernatur error eos. Animi dignissimos autem praesentium laborum. Omnis at eos harum mollitia. Id harum fugit laboriosam vitae porro.', 5, '2018-03-09 22:54:18', '2018-03-09 22:54:18'),
(78, 23, 'Khalil Doyle III', 'Adipisci sequi aut et est. Similique est omnis reiciendis. Quam amet voluptate exercitationem. Sunt cum quia dolor possimus autem nam praesentium.', 1, '2018-03-09 22:54:18', '2018-03-09 22:54:18'),
(79, 36, 'Maynard Buckridge', 'Molestias molestias quisquam quis ut unde. Error laboriosam et et consequatur eum expedita minima. Illo occaecati sit necessitatibus nihil officiis.', 2, '2018-03-09 22:54:18', '2018-03-09 22:54:18'),
(80, 44, 'Dr. Orin Dach', 'Est enim velit voluptatem esse aut ducimus. Sunt dolor occaecati mollitia qui. Sit sunt perferendis voluptatem accusantium quia dolorum.', 5, '2018-03-09 22:54:18', '2018-03-09 22:54:18'),
(81, 11, 'Dillon Doyle', 'Eligendi iusto veniam mollitia qui. Veniam tempore et amet quidem rerum officia debitis et. Fugiat recusandae nam quasi dolore.', 1, '2018-03-09 22:54:18', '2018-03-09 22:54:18'),
(82, 31, 'Kaden Thompson', 'Facilis ut magnam ut earum reprehenderit. Totam quaerat qui id. Quis veniam cupiditate qui.', 5, '2018-03-09 22:54:18', '2018-03-09 22:54:18'),
(83, 41, 'Katelin Boehm', 'Cupiditate rerum quas et expedita dolorem est. Quam reprehenderit eius natus architecto id. Nihil quae nemo saepe.', 1, '2018-03-09 22:54:18', '2018-03-09 22:54:18'),
(84, 32, 'Dr. Clemens Watsica', 'Aliquam occaecati laborum quas hic reiciendis distinctio cupiditate. Eligendi sapiente dolor labore saepe ut. Et itaque pariatur libero nobis minus quo voluptas est. Non explicabo explicabo fugiat explicabo. Aut alias libero voluptatem assumenda aut.', 2, '2018-03-09 22:54:18', '2018-03-09 22:54:18'),
(85, 43, 'Dean Toy', 'Temporibus nam unde voluptatum illum culpa earum illum natus. Quidem repellendus laudantium eveniet ducimus dolorum. Voluptates iusto et sed at et voluptatem. Recusandae ab et aperiam sapiente.', 3, '2018-03-09 22:54:18', '2018-03-09 22:54:18'),
(86, 27, 'Mr. Americo Pfannerstill III', 'Sunt inventore velit nulla ut. Esse incidunt iste minus est voluptatem eius libero et. Velit inventore et sint quibusdam nihil.', 0, '2018-03-09 22:54:18', '2018-03-09 22:54:18'),
(87, 7, 'Miles Mertz', 'Reprehenderit numquam consequatur atque et impedit ipsam deserunt. Dignissimos qui voluptatem iste consequuntur omnis temporibus. Dicta quaerat et est sit. Quae rerum vitae nemo reprehenderit doloribus.', 3, '2018-03-09 22:54:18', '2018-03-09 22:54:18'),
(88, 23, 'Mr. Mustafa Witting V', 'Autem numquam tempore voluptatibus ut soluta eum. Delectus pariatur dolores totam fuga. Dolore explicabo repudiandae ut laboriosam eos.', 3, '2018-03-09 22:54:18', '2018-03-09 22:54:18'),
(89, 14, 'Hiram Krajcik', 'Commodi veritatis quod qui dignissimos ut totam eos. Voluptatem veritatis ut id est. Perferendis occaecati culpa enim ut itaque asperiores. In quae qui consectetur.', 2, '2018-03-09 22:54:18', '2018-03-09 22:54:18'),
(90, 47, 'Mr. Mac Trantow PhD', 'Non veniam alias modi est est velit. Blanditiis quaerat nam eos.', 4, '2018-03-09 22:54:18', '2018-03-09 22:54:18'),
(91, 43, 'Orrin Bartell', 'Rerum et unde fuga maxime laborum impedit. Impedit atque impedit aut quis est expedita. Laboriosam commodi iure ut et. Id sit non voluptas aperiam quia quas.', 4, '2018-03-09 22:54:18', '2018-03-09 22:54:18'),
(92, 37, 'Ana McKenzie', 'Velit suscipit voluptas fuga nobis laborum. Nulla excepturi similique voluptatem doloribus. Corporis ut delectus neque magni id.', 0, '2018-03-09 22:54:18', '2018-03-09 22:54:18'),
(93, 31, 'Jennifer Homenick', 'Ullam et reprehenderit quis fugit numquam dignissimos reprehenderit. Laborum dolore pariatur sunt nemo quia earum quam dignissimos. Eos inventore vitae dolorem nostrum quo sunt cum.', 5, '2018-03-09 22:54:18', '2018-03-09 22:54:18'),
(94, 39, 'Veronica Larson MD', 'Mollitia sunt similique ut error nisi unde est. Saepe accusantium dolorem et. Animi voluptates aut quos sint et tempora exercitationem. In occaecati dolorum dolores laborum.', 5, '2018-03-09 22:54:18', '2018-03-09 22:54:18'),
(95, 39, 'Beaulah Adams', 'Dolor fuga et sequi voluptatum dolor et maiores. Dolorem laborum perferendis dolore culpa possimus. Rem sunt assumenda saepe et et qui aut.', 5, '2018-03-09 22:54:18', '2018-03-09 22:54:18'),
(96, 19, 'Delta Willms Jr.', 'Ut est quo autem et totam commodi. Delectus quaerat eius recusandae harum expedita qui. Nobis vitae voluptatibus consequatur temporibus cupiditate iure occaecati.', 1, '2018-03-09 22:54:18', '2018-03-09 22:54:18'),
(97, 18, 'Arvid Aufderhar', 'Non consequatur neque occaecati quod nesciunt illo. Necessitatibus quo ut eius. Aut sapiente dolorem repellat accusamus alias.', 3, '2018-03-09 22:54:18', '2018-03-09 22:54:18'),
(98, 20, 'Grover Frami MD', 'Magnam beatae rerum a laudantium nam est. Labore dolores quidem dolores aut. Maxime animi tenetur qui et eum tenetur. Sint voluptatem animi eaque possimus reprehenderit.', 1, '2018-03-09 22:54:18', '2018-03-09 22:54:18'),
(99, 33, 'Foster Fritsch', 'Consequatur qui facere quo molestiae. Earum doloribus odio nam sequi illo quos accusamus. Perspiciatis eveniet rerum quia ut iusto velit qui.', 2, '2018-03-09 22:54:18', '2018-03-09 22:54:18'),
(100, 44, 'Ms. Marquise Schaefer Sr.', 'Voluptas ipsa repudiandae molestiae recusandae maxime rerum. Qui ea voluptates error rerum quia. Veritatis aut quia eaque fugit ab ut voluptate.', 5, '2018-03-09 22:54:18', '2018-03-09 22:54:18'),
(101, 30, 'Ms. Alexanne Rodriguez DDS', 'Quae quas perspiciatis quaerat laudantium vero asperiores asperiores dolorum. Accusantium excepturi corrupti fugiat sed reiciendis adipisci. Sed ipsa aspernatur et quia veritatis eos deleniti.', 3, '2018-03-09 22:54:18', '2018-03-09 22:54:18'),
(102, 29, 'Max O\'Hara', 'Eos dolorum repellat laudantium est modi id. Ut perspiciatis nulla dolores voluptate. Qui adipisci alias ipsa quasi voluptatibus voluptatem. Ad reprehenderit rem ratione atque itaque.', 0, '2018-03-09 22:54:18', '2018-03-09 22:54:18'),
(103, 9, 'Prof. Albert Casper', 'Corporis et officia fugiat ex voluptatem dolore. Iste ipsum fuga ut error culpa. Est in distinctio tempora fugit non. Rerum molestiae optio corrupti eum consectetur nam cupiditate. Et voluptas corrupti laborum autem maxime id.', 1, '2018-03-09 22:54:18', '2018-03-09 22:54:18'),
(104, 13, 'Aiyana Stracke', 'Enim dolores facilis nihil velit amet. Accusantium velit deserunt iure ut magni accusamus velit dolore.', 2, '2018-03-09 22:54:18', '2018-03-09 22:54:18'),
(105, 34, 'Lawson Mayer DDS', 'Nobis omnis doloremque atque laboriosam. Et sint qui quo blanditiis.', 2, '2018-03-09 22:54:18', '2018-03-09 22:54:18'),
(106, 5, 'Dudley Halvorson IV', 'Nobis ut voluptas placeat eos. Atque repudiandae tenetur commodi. Architecto aperiam nam iusto eos. Ratione quia illo explicabo et dolorum voluptatem excepturi.', 0, '2018-03-09 22:54:18', '2018-03-09 22:54:18'),
(107, 7, 'Johnpaul Wilderman', 'Consequuntur pariatur nihil ab nemo sit aut aut quis. Consequatur ducimus quidem cupiditate minus. Repudiandae sunt dolorum in laudantium quasi sed enim.', 0, '2018-03-09 22:54:18', '2018-03-09 22:54:18'),
(108, 1, 'Annie Howe', 'Laudantium pariatur itaque consequatur quibusdam excepturi. Libero nihil magnam reprehenderit tempore voluptate. Commodi qui nemo aut perferendis et est.', 2, '2018-03-09 22:54:18', '2018-03-09 22:54:18'),
(109, 8, 'Jamil Cruickshank', 'A facere explicabo maiores voluptatem tempore voluptas non. Itaque nemo corrupti architecto veritatis nihil consequatur qui. Voluptate ut doloremque quaerat voluptatem vel ut quaerat. Vel quam et nesciunt repellat dolores sint voluptas sed.', 0, '2018-03-09 22:54:18', '2018-03-09 22:54:18'),
(110, 43, 'Dereck Kerluke DDS', 'Vero placeat inventore saepe similique doloribus sit repudiandae. Nesciunt quis consectetur corrupti illo et consequatur eos at. Autem nobis maxime aut iste omnis animi. Impedit qui nihil ut et cupiditate doloremque impedit.', 3, '2018-03-09 22:54:18', '2018-03-09 22:54:18'),
(111, 34, 'Sterling Goyette', 'Non et aliquid ad sit. Est sed qui quam placeat.', 4, '2018-03-09 22:54:18', '2018-03-09 22:54:18'),
(112, 12, 'Mr. Lonzo Christiansen II', 'Dignissimos non error ratione. Consequatur in voluptatibus qui. Laboriosam aut et deserunt architecto iste dolores.', 2, '2018-03-09 22:54:18', '2018-03-09 22:54:18'),
(113, 15, 'Rickie Moen', 'Ut nobis est nemo et dolorum. Velit explicabo aspernatur vero et vel nihil accusantium. Cum iure autem et a.', 3, '2018-03-09 22:54:18', '2018-03-09 22:54:18'),
(114, 9, 'Mrs. Kariane Zieme IV', 'Blanditiis dolores fugiat provident voluptatem quis. Ex enim eum eum omnis. Aut deleniti sit hic voluptatem modi. Dolor soluta suscipit esse itaque.', 2, '2018-03-09 22:54:18', '2018-03-09 22:54:18'),
(115, 21, 'Mrs. Madonna Frami', 'Ut sed nemo et distinctio quisquam repellat et. Minus assumenda et vel ex aut ut rerum accusamus. Debitis iusto quia ad veniam corporis. Accusantium et consequatur quia quae odio quos.', 3, '2018-03-09 22:54:18', '2018-03-09 22:54:18'),
(116, 45, 'Prof. Keenan Jenkins', 'Voluptatibus enim ut consectetur. Nesciunt sit sed atque aut repudiandae. Sunt praesentium autem dolores qui eveniet eligendi nobis et. Illo ducimus voluptatem facilis eaque.', 3, '2018-03-09 22:54:18', '2018-03-09 22:54:18'),
(117, 47, 'Mr. Jessie Wehner', 'Laborum voluptatibus nobis aspernatur ut consequatur nam. Omnis iusto velit maxime aspernatur.', 4, '2018-03-09 22:54:18', '2018-03-09 22:54:18'),
(118, 43, 'Kiara Brekke', 'Quis excepturi ullam harum cupiditate. Ab ut et voluptatem omnis unde autem quia.', 0, '2018-03-09 22:54:18', '2018-03-09 22:54:18'),
(119, 32, 'Dr. Lelah Powlowski', 'Voluptas quis reiciendis fuga eos. Corporis fuga voluptate odit omnis voluptas dignissimos. Eius omnis alias reiciendis harum. Corrupti impedit nesciunt velit beatae debitis non occaecati.', 1, '2018-03-09 22:54:18', '2018-03-09 22:54:18'),
(120, 41, 'Rhianna Schumm', 'Rerum voluptatem iure modi qui. Quis sed et perferendis omnis. Enim at sint non accusamus aperiam mollitia voluptates. Et qui id ad doloremque dolorum.', 0, '2018-03-09 22:54:18', '2018-03-09 22:54:18'),
(121, 38, 'Lurline Collier', 'Aut facilis voluptas omnis minus sit. Minima cum et minima a officiis alias. Quia et delectus in.', 5, '2018-03-09 22:54:18', '2018-03-09 22:54:18'),
(122, 47, 'Ms. Janiya Stehr', 'Et qui quia ut consequatur recusandae. Ducimus consectetur non ut in cum.', 4, '2018-03-09 22:54:18', '2018-03-09 22:54:18'),
(123, 18, 'Frederick Luettgen', 'Ut sed libero fugiat corporis in quo. Sint iste et dolorem iste. Mollitia veritatis possimus non libero hic.', 0, '2018-03-09 22:54:18', '2018-03-09 22:54:18'),
(124, 37, 'Gus Gusikowski II', 'Enim porro ut beatae quibusdam quas. Temporibus nemo sed natus autem et. Eligendi nobis ratione ducimus qui dignissimos expedita est.', 1, '2018-03-09 22:54:18', '2018-03-09 22:54:18'),
(125, 19, 'Leora Stanton', 'Rerum pariatur dolor molestiae autem dolores magni iusto. Et eveniet nobis vel quibusdam dignissimos sint. Quia beatae atque ut in. Dolore velit molestiae est aut.', 3, '2018-03-09 22:54:18', '2018-03-09 22:54:18'),
(126, 25, 'Spencer Beer I', 'Exercitationem cumque necessitatibus ipsam vel omnis magni est. Rem iure fugiat exercitationem non sed esse fugit. Cum enim molestiae quas libero commodi. Molestiae esse consequatur inventore et ut et.', 0, '2018-03-09 22:54:18', '2018-03-09 22:54:18'),
(127, 35, 'Marian Lemke III', 'Modi eligendi vel nobis et. Est dolor eveniet soluta ducimus veritatis. Aspernatur inventore et ex itaque quisquam exercitationem.', 0, '2018-03-09 22:54:18', '2018-03-09 22:54:18'),
(128, 27, 'Lyric Price', 'Doloremque rerum dolorem est quaerat. Harum nihil quasi laborum et qui dolor neque. Aliquam occaecati voluptates rerum eum sunt et molestiae dicta. Et facilis beatae non et qui repudiandae.', 4, '2018-03-09 22:54:18', '2018-03-09 22:54:18'),
(129, 47, 'Miss Sally Mayer', 'Sint provident animi ab animi recusandae. Soluta illo aut et sint quibusdam dignissimos aut. Labore laborum dolorum iste necessitatibus et incidunt qui sunt.', 2, '2018-03-09 22:54:18', '2018-03-09 22:54:18'),
(130, 35, 'Kody Volkman', 'Adipisci distinctio et voluptatem quia. Similique voluptatem voluptate ut ut qui laborum. Dolores placeat officia laborum natus deserunt repellat architecto. Voluptates voluptas reiciendis placeat nesciunt cupiditate.', 1, '2018-03-09 22:54:18', '2018-03-09 22:54:18'),
(131, 36, 'Florence Veum', 'Dolores explicabo distinctio esse aut quia dicta vel. Officia optio praesentium occaecati laboriosam tempora tempore. Quis illo dolores vitae voluptatem id et doloribus. Accusantium rerum vitae enim dolores ab corrupti iure.', 4, '2018-03-09 22:54:18', '2018-03-09 22:54:18'),
(132, 39, 'Abigail Kuvalis', 'Eveniet sit quam dolor. Magnam qui voluptas itaque expedita repellat iste eligendi. Officiis voluptatum et error.', 1, '2018-03-09 22:54:18', '2018-03-09 22:54:18'),
(133, 6, 'Fredrick Hyatt', 'Maiores facere et voluptatum minus ducimus adipisci aut voluptatem. Voluptatem in vitae perferendis ut voluptas. Esse fugit molestias reiciendis laboriosam. Aut tempore fugiat dicta qui rerum voluptas fugit. Ratione veniam consequatur quasi itaque maxime explicabo.', 4, '2018-03-09 22:54:18', '2018-03-09 22:54:18'),
(134, 25, 'Jena Schroeder', 'Porro omnis natus ad et quo reiciendis quasi est. Ea possimus eligendi expedita non. Doloribus nisi dolor sit.', 3, '2018-03-09 22:54:18', '2018-03-09 22:54:18'),
(135, 28, 'Elmer Bins III', 'Perspiciatis corporis est dolorum numquam omnis. Dolorum debitis vel eos non provident similique repellendus. Nihil quo perferendis vero nisi minima explicabo.', 4, '2018-03-09 22:54:18', '2018-03-09 22:54:18'),
(136, 46, 'Micaela Satterfield', 'Ut facilis reprehenderit odit. Veniam dolor et perspiciatis explicabo. Et ab esse ipsa. Aliquam ducimus iste dolore.', 1, '2018-03-09 22:54:18', '2018-03-09 22:54:18'),
(137, 36, 'Corbin Wolff', 'Sapiente labore nam quis beatae. Occaecati atque qui perferendis inventore necessitatibus ea natus enim. Voluptas molestiae saepe id mollitia.', 3, '2018-03-09 22:54:18', '2018-03-09 22:54:18'),
(138, 36, 'Verona Gutkowski MD', 'Animi est rerum soluta eum possimus voluptas. Mollitia quo asperiores ut quo distinctio dolor inventore. Quis eligendi laboriosam amet rerum laborum.', 1, '2018-03-09 22:54:18', '2018-03-09 22:54:18'),
(139, 13, 'Vern Howell', 'Officia nihil dolorem voluptate aut exercitationem voluptas dolor. Id consectetur eveniet voluptas assumenda. Animi repellendus minus deleniti soluta eum cupiditate maxime. Quos sint et pariatur.', 5, '2018-03-09 22:54:18', '2018-03-09 22:54:18'),
(140, 23, 'Alford Tremblay', 'Cumque deserunt soluta animi voluptatem sunt amet. Est et ut eveniet quia quidem sed aperiam tempora. Earum tenetur velit saepe veniam accusamus.', 5, '2018-03-09 22:54:18', '2018-03-09 22:54:18'),
(141, 47, 'Rosie Murphy Sr.', 'Adipisci et est et occaecati nostrum. Omnis eum necessitatibus optio amet assumenda veniam aperiam. Sed eius eligendi totam qui placeat odit sequi. Minus voluptatem et rerum blanditiis earum id. Minus incidunt temporibus ad qui dignissimos.', 2, '2018-03-09 22:54:18', '2018-03-09 22:54:18'),
(142, 26, 'Kyler Hessel', 'Sunt sit qui fugit. Debitis facere autem facere et tenetur voluptatum. Atque repellendus laboriosam exercitationem possimus ut.', 3, '2018-03-09 22:54:18', '2018-03-09 22:54:18'),
(143, 44, 'Lloyd Christiansen', 'In consectetur est nihil. Pariatur fugiat saepe qui distinctio qui omnis. Cumque quia reiciendis non minima est aut. Est est atque nesciunt odio nesciunt exercitationem.', 0, '2018-03-09 22:54:18', '2018-03-09 22:54:18'),
(144, 20, 'Palma Schaden', 'Maxime deleniti assumenda doloribus eos impedit quo laudantium. Unde ad voluptatum omnis nisi reprehenderit. Ea dolores a est quia atque voluptas quo.', 4, '2018-03-09 22:54:18', '2018-03-09 22:54:18'),
(145, 26, 'Jonathon Rempel Sr.', 'Sed aut culpa ipsam suscipit. Commodi dolorem vitae adipisci aut iste eaque eligendi. Non quos error numquam accusamus in in hic. Sit et nisi sint est id sunt nobis.', 5, '2018-03-09 22:54:18', '2018-03-09 22:54:18'),
(146, 26, 'Sam Rice', 'Optio maiores temporibus consequatur sit consequatur consequatur. Occaecati rerum amet distinctio dolore eum voluptatibus. Ducimus nesciunt omnis corporis et. Dolorum corrupti sapiente non voluptatem autem cupiditate placeat.', 4, '2018-03-09 22:54:18', '2018-03-09 22:54:18'),
(147, 37, 'Dr. Camille Swift', 'Ipsam nemo sapiente voluptatem et officia quibusdam autem. Est laudantium et magni. Perferendis hic laboriosam dolorum voluptas et sit. Officiis sit corporis illo veritatis corrupti.', 1, '2018-03-09 22:54:18', '2018-03-09 22:54:18'),
(148, 45, 'Travon Bahringer', 'Voluptatum aspernatur dolorem id perspiciatis soluta unde esse. Animi consequatur modi facilis nihil sit aut distinctio et. Adipisci occaecati ex aut asperiores distinctio dolorem.', 2, '2018-03-09 22:54:18', '2018-03-09 22:54:18'),
(149, 8, 'Bart McClure', 'Ut voluptas itaque nihil. Veritatis voluptas odit qui et non unde. Et assumenda qui quia explicabo aut. Sit consectetur magni recusandae doloremque est molestias qui.', 2, '2018-03-09 22:54:18', '2018-03-09 22:54:18'),
(150, 39, 'Mrs. Mathilde Marks DDS', 'Vel iure accusamus sapiente. Consequatur qui assumenda dolor quis aut et est.', 5, '2018-03-09 22:54:18', '2018-03-09 22:54:18'),
(151, 41, 'Mr. Consuelo Runolfsdottir', 'Ut dolorem nostrum molestiae voluptatibus. Pariatur odit harum repellat ipsa amet. Voluptate voluptas labore harum quibusdam modi sapiente.', 5, '2018-03-09 22:54:18', '2018-03-09 22:54:18'),
(152, 35, 'Gina McKenzie', 'Molestias soluta in officia quia distinctio dicta numquam. Labore at deleniti unde eius. Assumenda illo ipsum dolore ut voluptatem voluptatibus. Sed velit consequatur qui dolorem.', 4, '2018-03-09 22:54:18', '2018-03-09 22:54:18'),
(153, 28, 'Nyasia Schamberger Sr.', 'Voluptate at cumque tempore adipisci. Quos animi nostrum quos rem hic. Consequatur ut deserunt ipsa doloremque.', 0, '2018-03-09 22:54:18', '2018-03-09 22:54:18'),
(154, 45, 'Ressie Johnson', 'Ad ducimus quia sunt vel. Et suscipit sapiente magni totam. Porro neque omnis pariatur quae voluptas tenetur ullam.', 0, '2018-03-09 22:54:18', '2018-03-09 22:54:18'),
(155, 37, 'Diana Kessler PhD', 'Similique pariatur non similique sed autem aut repellendus. Sunt officia placeat enim consequatur officia qui atque. Quis quia voluptates aspernatur deleniti culpa iure alias.', 0, '2018-03-09 22:54:18', '2018-03-09 22:54:18'),
(156, 41, 'Eli Borer Sr.', 'Est voluptatem sed consectetur ea. Culpa fuga unde et. Culpa ut enim aut illo. Tenetur voluptatem ut in qui minima quia non. Asperiores alias earum voluptatum exercitationem accusantium.', 3, '2018-03-09 22:54:18', '2018-03-09 22:54:18'),
(157, 27, 'Miss Loyce Zulauf III', 'Quos pariatur voluptate ea neque eaque est voluptatem. Cum mollitia est ea non consectetur. Debitis dolorum sit incidunt atque qui quibusdam soluta. Ut ullam excepturi laboriosam provident veniam quibusdam sed.', 1, '2018-03-09 22:54:18', '2018-03-09 22:54:18'),
(158, 44, 'Dr. Meghan Shields', 'Minima nam sed sed. In quisquam id aliquid rem id ea. Facilis odio ea porro rem. Qui voluptatum molestiae ut possimus hic omnis est error. Distinctio impedit aut vitae dolorem nostrum est aut.', 3, '2018-03-09 22:54:18', '2018-03-09 22:54:18'),
(159, 19, 'Mr. Zechariah Schimmel', 'Consectetur quae sunt et enim laborum natus id quas. A et ea modi saepe inventore. Et perspiciatis commodi eum ea deserunt accusamus praesentium.', 4, '2018-03-09 22:54:18', '2018-03-09 22:54:18'),
(160, 5, 'Prof. Eldon Deckow PhD', 'Aliquid quis qui enim dolor et. Aliquid voluptatem aliquid ab sunt recusandae error dolores. Quasi quaerat voluptatibus qui occaecati. Voluptatem consequuntur architecto consequatur sapiente et. Necessitatibus iure sed eos neque.', 5, '2018-03-09 22:54:18', '2018-03-09 22:54:18'),
(161, 37, 'Mr. Dexter Macejkovic V', 'Iste cupiditate repellendus qui. Et aliquam harum beatae sapiente nam. Culpa blanditiis et necessitatibus nesciunt. Voluptatibus nesciunt asperiores esse optio culpa. Culpa rerum voluptas tempore mollitia tenetur sint.', 2, '2018-03-09 22:54:18', '2018-03-09 22:54:18'),
(162, 20, 'Mrs. Robyn Schmidt', 'Quia maiores quod molestiae. Ea id autem et molestias. Laborum in blanditiis quisquam consequatur qui ipsam ut sequi. Provident nobis assumenda ut odio et consequuntur non. Qui rem quia libero.', 0, '2018-03-09 22:54:18', '2018-03-09 22:54:18'),
(163, 18, 'Dr. Shad Crooks Sr.', 'Quia rerum aut delectus ex. Nesciunt asperiores quibusdam exercitationem id nihil eos voluptatem tenetur.', 2, '2018-03-09 22:54:18', '2018-03-09 22:54:18'),
(164, 32, 'Prof. Bonnie O\'Kon', 'Consequatur aliquid rerum tempora id delectus. Placeat consequatur ullam et quisquam. Qui aut quam tenetur ut aut temporibus ut.', 1, '2018-03-09 22:54:18', '2018-03-09 22:54:18'),
(165, 23, 'Michael Hauck', 'Sed cupiditate laudantium magnam eos. Doloribus veniam eveniet alias cupiditate. Est consequuntur nulla sunt debitis provident harum occaecati. Minus temporibus iure voluptatem repudiandae reiciendis deleniti assumenda odit.', 5, '2018-03-09 22:54:18', '2018-03-09 22:54:18'),
(166, 31, 'Antwon Nikolaus', 'Et temporibus non rem eum provident itaque molestias. Ut repellendus omnis est qui. Nam dolore aut eaque ut suscipit recusandae ducimus aliquam.', 2, '2018-03-09 22:54:18', '2018-03-09 22:54:18'),
(167, 34, 'Desiree Kunze', 'Ex et fuga incidunt earum qui. Et eius et id illum perferendis sint quidem. Et deserunt a et id velit neque labore. Assumenda nulla ea magni aliquid tempora dolorem.', 0, '2018-03-09 22:54:18', '2018-03-09 22:54:18'),
(168, 25, 'Casimir Berge', 'Non accusamus ut saepe cupiditate vel. Et voluptatum neque consequuntur magni consectetur temporibus. Molestiae nihil rerum est.', 0, '2018-03-09 22:54:18', '2018-03-09 22:54:18'),
(169, 47, 'Daniela Kuhn', 'Impedit suscipit quia delectus. Omnis nesciunt aut optio reiciendis maiores. Sit est dolor pariatur quos.', 3, '2018-03-09 22:54:18', '2018-03-09 22:54:18'),
(170, 46, 'Chase Kling PhD', 'Voluptatem fuga animi autem accusamus modi. Quibusdam voluptatem velit aut culpa nostrum.', 3, '2018-03-09 22:54:18', '2018-03-09 22:54:18'),
(171, 23, 'Devon Hackett', 'Facilis molestiae quod earum sed molestias. Enim repellendus omnis ut accusamus. Et rerum fugiat veritatis enim quos reiciendis. Minima quis et amet voluptas quis omnis nesciunt.', 1, '2018-03-09 22:54:18', '2018-03-09 22:54:18'),
(172, 14, 'Lyla Koch', 'Ut dicta itaque voluptatem amet reiciendis. Ut doloribus est eius minima et. Dignissimos animi porro et saepe ea. Possimus sint ut est sapiente quasi pariatur libero qui.', 1, '2018-03-09 22:54:18', '2018-03-09 22:54:18'),
(173, 23, 'Miss Elizabeth Barton', 'Illum rerum amet ut ipsam. Suscipit et est quam quia rerum unde. Eaque officiis aut harum possimus ut totam.', 3, '2018-03-09 22:54:18', '2018-03-09 22:54:18'),
(174, 31, 'Prof. Bette Cummings', 'Sunt sapiente ut incidunt aut quam est ratione voluptates. Consequatur ad labore iusto minima ea quas quo aut. Blanditiis nihil aut aperiam inventore voluptatem maiores.', 2, '2018-03-09 22:54:18', '2018-03-09 22:54:18'),
(175, 24, 'Prof. Demetrius O\'Kon III', 'Perspiciatis quisquam rerum quia aut sed qui et. Minus facilis voluptas nihil culpa. Facilis amet provident occaecati sunt. Perferendis id et ut perspiciatis aliquam animi ut dolore.', 4, '2018-03-09 22:54:18', '2018-03-09 22:54:18'),
(176, 30, 'Judy Weber', 'Ducimus labore sit ducimus laudantium et culpa. Animi sit voluptatem omnis qui. Eaque saepe natus id corporis iste rem. Qui ut blanditiis molestiae.', 1, '2018-03-09 22:54:18', '2018-03-09 22:54:18'),
(177, 12, 'Faye Dicki', 'Nesciunt quis quia aut et. Aliquam voluptates qui voluptate saepe non tempore. Optio iusto voluptatem et officiis ut porro. Rerum vero odio quasi.', 2, '2018-03-09 22:54:18', '2018-03-09 22:54:18'),
(178, 32, 'Josefa Collins', 'Rerum quaerat minima tempore mollitia dolorem. Quam rerum quod voluptatem dolor libero. Quae et aperiam quisquam voluptatibus distinctio exercitationem consequatur ea.', 5, '2018-03-09 22:54:18', '2018-03-09 22:54:18'),
(179, 24, 'Dorothy Corwin III', 'Ullam ipsa a et magni. Odit et provident perspiciatis. Eligendi est vitae quos eum et sunt nemo. Ad tempora deleniti sunt totam rem aut harum.', 3, '2018-03-09 22:54:18', '2018-03-09 22:54:18'),
(180, 22, 'Geo Spencer DDS', 'Culpa accusamus nostrum dolore voluptatum molestiae. Aut quaerat at corporis consectetur. Ut eius ex dignissimos consequuntur dolorem. Quos non impedit laboriosam inventore.', 2, '2018-03-09 22:54:18', '2018-03-09 22:54:18'),
(181, 31, 'Dr. Noemie Ullrich Jr.', 'Maxime recusandae non reprehenderit praesentium voluptatem. Dolorem magni voluptate vitae nemo accusamus ipsum. Sit officiis iure nihil quis ut. Ea accusamus saepe in ut natus.', 0, '2018-03-09 22:54:18', '2018-03-09 22:54:18'),
(182, 48, 'Ruben Rohan', 'Nulla eum est cum voluptas est ut. Sit fugit voluptates quam enim minus. Quod cum est ut aut occaecati.', 1, '2018-03-09 22:54:18', '2018-03-09 22:54:18'),
(183, 25, 'Oleta Shanahan', 'Ea odit deleniti illo perspiciatis. Voluptatum voluptatibus non temporibus facilis aut dicta. Sint placeat aspernatur quos quas vel eaque.', 2, '2018-03-09 22:54:18', '2018-03-09 22:54:18'),
(184, 17, 'Stanley Botsford', 'Qui hic beatae esse magni. Doloribus soluta est aut et modi velit. Rerum consequatur id a suscipit qui ducimus necessitatibus. Dicta libero ullam nihil fugiat et. Autem consequatur recusandae est doloremque enim quod.', 2, '2018-03-09 22:54:18', '2018-03-09 22:54:18'),
(185, 27, 'Prof. Abbey Orn', 'Aspernatur voluptatem rerum praesentium laudantium sapiente et omnis. At ut voluptas accusantium quia repudiandae et. Aliquam voluptatibus tenetur veritatis optio et consectetur. Nulla molestiae aut sint excepturi repudiandae iusto.', 5, '2018-03-09 22:54:18', '2018-03-09 22:54:18'),
(186, 15, 'Lyric Bergnaum', 'Ipsam ipsa culpa explicabo id repellendus explicabo. Doloremque ut modi facere non quo amet. Accusantium consequuntur repellat eos est. Laudantium consectetur quis harum molestiae aspernatur quia.', 3, '2018-03-09 22:54:18', '2018-03-09 22:54:18'),
(187, 44, 'Ms. Hortense Haley', 'Architecto eius dicta alias a. Qui inventore repellat rem quasi quaerat sequi. Hic voluptatem aut ipsa eos.', 3, '2018-03-09 22:54:18', '2018-03-09 22:54:18'),
(188, 40, 'Dr. Prince Hayes Jr.', 'Nemo laborum maxime fugit officiis. Rerum consequuntur est ratione enim ut. Repellat esse minima vitae id sit. Non vel dolores occaecati provident similique omnis.', 5, '2018-03-09 22:54:18', '2018-03-09 22:54:18'),
(189, 29, 'Mrs. Willa Dooley', 'Nisi in est doloribus et perferendis velit quam. Accusamus omnis veniam est labore et sunt est id. Ea voluptatem est incidunt voluptate. Aperiam vero eos sed doloribus. Minima reprehenderit expedita iure deleniti voluptatem voluptas.', 0, '2018-03-09 22:54:18', '2018-03-09 22:54:18'),
(190, 13, 'Nick Haag', 'Libero omnis quos voluptatem qui culpa. Fugit accusamus accusamus rerum. In similique minima ut quia. Fugit quod odio eos doloribus non corrupti.', 0, '2018-03-09 22:54:18', '2018-03-09 22:54:18'),
(191, 5, 'Marisol Zboncak MD', 'Et harum nihil temporibus animi assumenda consequatur quas. Occaecati sit et neque minima vel. Nostrum sapiente quas voluptatum cum sint. Alias ex non qui corrupti exercitationem.', 2, '2018-03-09 22:54:18', '2018-03-09 22:54:18'),
(192, 42, 'Velva Morar', 'Qui dolorum ut eos et. A odio fugiat est fugiat. Amet praesentium eaque ea ut in optio. Libero quia qui accusamus.', 2, '2018-03-09 22:54:18', '2018-03-09 22:54:18'),
(193, 46, 'Timothy Maggio', 'Quos ut incidunt amet aut voluptatem quia aut. Expedita in sunt provident laboriosam quaerat ipsa voluptatum blanditiis. Aut dolorem non et consequatur dolor maxime sit. Aut minima ea quis quaerat et aut sunt.', 0, '2018-03-09 22:54:18', '2018-03-09 22:54:18'),
(194, 15, 'Hershel Botsford', 'Libero inventore accusantium non facere omnis. Modi vel et non quia. Possimus ratione maxime hic vel aspernatur perferendis.', 3, '2018-03-09 22:54:18', '2018-03-09 22:54:18'),
(195, 41, 'Rossie Grady', 'Laboriosam nemo corporis harum porro. Sequi dolorem error assumenda est quam. Impedit quaerat nulla perspiciatis aut labore qui. Quia velit iusto molestiae harum provident quaerat. Deserunt eligendi eius distinctio aliquid.', 0, '2018-03-09 22:54:18', '2018-03-09 22:54:18'),
(196, 17, 'Mr. Ubaldo Bartell', 'Ea ipsa consectetur quae voluptatibus qui. Omnis iure ut facilis. Architecto quasi ut eaque ex similique. Libero velit est autem ut consequatur molestiae inventore deserunt.', 5, '2018-03-09 22:54:18', '2018-03-09 22:54:18'),
(197, 41, 'Marquise Rippin', 'Iusto quia natus voluptatum sed qui. Laudantium voluptas nihil minima sed enim amet quae. Ipsam aliquam expedita esse architecto. Et quia praesentium repellendus praesentium molestias corporis quia. Et itaque animi cumque earum veniam accusamus.', 0, '2018-03-09 22:54:18', '2018-03-09 22:54:18'),
(198, 37, 'Dr. Destin Kulas', 'Illo accusamus aut modi fugiat. Illum non ea aut a non alias. Iusto voluptates doloribus voluptates odio optio temporibus aut ut. Officia ut porro repudiandae est assumenda molestias tempora aut.', 3, '2018-03-09 22:54:18', '2018-03-09 22:54:18'),
(199, 30, 'Autumn Jakubowski', 'Et inventore deserunt soluta aliquid ut eligendi possimus repellat. Eos sequi reprehenderit molestiae omnis. Eum minima quis similique consequatur ad molestiae.', 1, '2018-03-09 22:54:18', '2018-03-09 22:54:18'),
(200, 29, 'Monique Kohler', 'Facere fugiat atque fugit similique numquam quia est. Rem et nihil totam nam atque ipsam atque. Molestiae non aperiam exercitationem ut rem.', 4, '2018-03-09 22:54:18', '2018-03-09 22:54:18'),
(201, 50, 'Vickie Gibson', 'Voluptatem ut ut quia recusandae eum voluptatum. A neque molestias sequi repudiandae nesciunt sed.', 0, '2018-03-09 22:54:18', '2018-03-09 22:54:18'),
(202, 37, 'Cathy Bradtke', 'Qui ut nulla provident. Enim cumque voluptatum fuga dolores fuga dolores asperiores. Rerum sit voluptas architecto esse.', 1, '2018-03-09 22:54:18', '2018-03-09 22:54:18'),
(203, 22, 'Arnoldo Dickens', 'Quibusdam iure autem est eum. Saepe ex possimus dicta et. Veniam et maxime alias magnam. Ipsum architecto nobis inventore.', 2, '2018-03-09 22:54:18', '2018-03-09 22:54:18'),
(204, 32, 'Brisa Lebsack', 'Temporibus ut atque et corrupti delectus velit et nostrum. Necessitatibus aliquid autem adipisci reprehenderit aliquid dolores. Dolores aut consequatur eum in molestiae. Sit facilis et autem perferendis.', 5, '2018-03-09 22:54:18', '2018-03-09 22:54:18'),
(205, 43, 'Cathryn King', 'Quae veniam est repellat consequatur vitae cumque distinctio nihil. Molestiae quia totam architecto magni eveniet ducimus nisi. Illo cum sed vitae esse.', 0, '2018-03-09 22:54:18', '2018-03-09 22:54:18'),
(206, 18, 'Dr. Darius Lindgren PhD', 'Provident sunt harum autem. Cumque quidem soluta esse accusamus et. Cupiditate et ut quo rerum sed quis rerum nisi. Molestias maiores vel dolorem dolorum voluptas velit perspiciatis.', 1, '2018-03-09 22:54:18', '2018-03-09 22:54:18'),
(207, 28, 'Rafael Schumm', 'Temporibus facilis quibusdam at nisi rerum. Et quia dolore exercitationem perspiciatis veritatis voluptas nesciunt. Perspiciatis deserunt consequatur ipsa ut distinctio sunt asperiores.', 3, '2018-03-09 22:54:18', '2018-03-09 22:54:18'),
(208, 31, 'Prof. Jaiden Ledner MD', 'Debitis ullam aut perspiciatis magnam. Molestiae ea blanditiis et dolore fuga. Voluptate id voluptas tenetur qui delectus et.', 2, '2018-03-09 22:54:18', '2018-03-09 22:54:18'),
(209, 30, 'Savanna Dare PhD', 'Aliquid aut consequatur sed. Alias provident voluptates et incidunt. Commodi dignissimos deleniti odit quos distinctio pariatur.', 1, '2018-03-09 22:54:18', '2018-03-09 22:54:18'),
(210, 39, 'Mrs. Samantha Boehm', 'Distinctio dignissimos voluptates eum labore. Dolor laborum quibusdam vero quia officia dolore. Ex voluptas vero architecto. In voluptatibus itaque aperiam et odit ullam.', 2, '2018-03-09 22:54:18', '2018-03-09 22:54:18');
INSERT INTO `reviews` (`id`, `product_id`, `customer`, `review`, `star`, `created_at`, `updated_at`) VALUES
(211, 26, 'Micheal Metz', 'Ipsa iste et enim consectetur omnis sint. Odio similique et nulla inventore. Qui veritatis fugiat consequatur aut distinctio.', 3, '2018-03-09 22:54:18', '2018-03-09 22:54:18'),
(212, 43, 'Gilbert Hilpert Sr.', 'Numquam tempora placeat illo id aliquid et aut. Sunt iure cumque dolores tenetur et placeat. Pariatur sit voluptatem ut. Facilis non ipsa quia optio.', 1, '2018-03-09 22:54:18', '2018-03-09 22:54:18'),
(213, 35, 'Dr. Joey Prohaska', 'Similique enim distinctio a reiciendis ipsam quod corrupti. Nisi id labore est dolor. Soluta a natus ducimus sint maiores suscipit aut consequatur. Expedita et autem excepturi qui.', 0, '2018-03-09 22:54:18', '2018-03-09 22:54:18'),
(214, 12, 'Prof. Rhoda Conn MD', 'Voluptas et quae autem et laudantium aut. Dignissimos sit soluta error amet dicta quos sit. Corrupti reiciendis autem culpa. Blanditiis at quo iusto quibusdam magni.', 1, '2018-03-09 22:54:18', '2018-03-09 22:54:18'),
(215, 2, 'Mona Kreiger', 'Et sed et corrupti aut et dolore inventore sint. Vitae culpa voluptatem modi mollitia. Excepturi consequatur possimus incidunt in nam earum delectus natus.', 4, '2018-03-09 22:54:18', '2018-03-09 22:54:18'),
(216, 49, 'Dr. Orlando Moen', 'Natus voluptates dicta et quaerat numquam. Exercitationem qui harum consectetur eos id eum nostrum. Blanditiis ratione nesciunt illo rem aut ex dicta.', 1, '2018-03-09 22:54:18', '2018-03-09 22:54:18'),
(217, 27, 'Shania Klein', 'Facere ea doloremque reiciendis qui inventore. Dignissimos provident porro eos dolorem quia. Quo itaque beatae quia qui dolores. Similique sint praesentium rerum voluptatem.', 3, '2018-03-09 22:54:18', '2018-03-09 22:54:18'),
(218, 12, 'Mr. Theodore Bauch', 'Cum rerum qui quis adipisci. Omnis autem voluptatibus ut consequatur.', 1, '2018-03-09 22:54:18', '2018-03-09 22:54:18'),
(219, 50, 'Mollie Hamill', 'Consequuntur aliquam voluptatum dolore dignissimos tempora beatae omnis hic. Non nisi sunt totam. Et totam est sed iusto. Quo commodi et similique rem consequuntur velit.', 0, '2018-03-09 22:54:18', '2018-03-09 22:54:18'),
(220, 12, 'Alta Carroll', 'Enim dolor expedita fuga. Dolorem nisi eius nostrum porro. Veritatis molestiae eaque eaque voluptatum.', 4, '2018-03-09 22:54:18', '2018-03-09 22:54:18'),
(221, 12, 'Doug Witting', 'Et et aut quae aut qui esse. Quasi ex hic sed adipisci quaerat suscipit. At officia ut amet culpa.', 1, '2018-03-09 22:54:18', '2018-03-09 22:54:18'),
(222, 40, 'Miss Kaelyn Greenfelder', 'Asperiores consectetur fuga consequuntur voluptatum ut blanditiis omnis dolores. Accusantium repudiandae quos quasi labore.', 5, '2018-03-09 22:54:18', '2018-03-09 22:54:18'),
(223, 12, 'Dr. General Stamm', 'Quisquam neque quas ut velit quibusdam accusantium. Quod vitae dicta alias nemo esse consectetur. Est animi nam debitis at neque. Aperiam eos sunt aut adipisci qui atque animi animi.', 5, '2018-03-09 22:54:18', '2018-03-09 22:54:18'),
(224, 19, 'Miss Ashlynn Treutel V', 'Dicta tempore cupiditate voluptates cum. Excepturi tenetur dolor autem corrupti. Quasi ut voluptates laudantium dolore minus.', 5, '2018-03-09 22:54:18', '2018-03-09 22:54:18'),
(225, 45, 'Rickey Collins DVM', 'Rem labore quis sed omnis soluta. Laudantium velit nulla error. Ex necessitatibus illum expedita rerum porro labore. Velit placeat omnis nobis consectetur a molestiae earum.', 1, '2018-03-09 22:54:18', '2018-03-09 22:54:18'),
(226, 12, 'Shanon Carter II', 'Consequatur est vel explicabo quia. Qui qui iure ab aspernatur maxime at quod. Nobis magnam voluptas consequuntur occaecati enim. Nesciunt aperiam nulla modi aperiam.', 4, '2018-03-09 22:54:18', '2018-03-09 22:54:18'),
(227, 16, 'Dr. Carlos Friesen', 'Excepturi iure nam voluptas deleniti aut velit. Et ipsam facere quia. Modi recusandae qui dolores adipisci.', 1, '2018-03-09 22:54:18', '2018-03-09 22:54:18'),
(228, 12, 'Kylee Beer IV', 'Aut aut aspernatur ut consequuntur. Ipsum numquam ipsam provident inventore beatae aut quis. Laudantium natus veniam quo sit voluptatibus illum.', 3, '2018-03-09 22:54:18', '2018-03-09 22:54:18'),
(229, 42, 'Bernardo Gulgowski III', 'Autem molestias qui ut reprehenderit impedit. Eius dolorem in ut omnis excepturi omnis.', 3, '2018-03-09 22:54:18', '2018-03-09 22:54:18'),
(230, 2, 'Mr. Camden Kris IV', 'Ut eum expedita delectus sequi facere molestiae ea laboriosam. Eveniet ab culpa exercitationem qui earum. Laborum facilis vel veniam dolorum a culpa.', 1, '2018-03-09 22:54:18', '2018-03-09 22:54:18'),
(231, 30, 'Sylvia Medhurst', 'Vel possimus quis sint. A suscipit et et hic assumenda et nobis.', 3, '2018-03-09 22:54:18', '2018-03-09 22:54:18'),
(232, 21, 'Jeanie Huel', 'Aliquid et aliquam id omnis voluptas voluptatum. Autem perferendis in enim harum ullam. Recusandae omnis velit dolorum saepe autem ut.', 4, '2018-03-09 22:54:18', '2018-03-09 22:54:18'),
(233, 30, 'Lizzie Konopelski', 'Ut maxime eius veritatis distinctio. Officia ut porro nesciunt esse distinctio omnis nobis. Sit non tempore rerum et eos reprehenderit.', 2, '2018-03-09 22:54:18', '2018-03-09 22:54:18'),
(234, 26, 'Judy Jast', 'Atque nobis atque ad beatae. Ratione architecto et iste eos ad numquam voluptatem omnis. Ullam dolores laborum enim quod tempora. Maiores debitis optio quibusdam alias possimus vel. Ex eius voluptates veritatis atque et quae.', 3, '2018-03-09 22:54:18', '2018-03-09 22:54:18'),
(235, 7, 'Katlynn Rodriguez', 'Consequatur non rem et excepturi. Culpa iure enim hic est. Ut dolore ea repellat exercitationem vel aspernatur assumenda. Soluta nobis fugit culpa ut ut et accusantium.', 1, '2018-03-09 22:54:18', '2018-03-09 22:54:18'),
(236, 29, 'Imani Olson I', 'Esse qui enim dolores. Excepturi quidem veniam quisquam occaecati nisi. Omnis eveniet nihil voluptates molestiae voluptatem dolorum ipsam.', 5, '2018-03-09 22:54:18', '2018-03-09 22:54:18'),
(237, 20, 'Devin Steuber', 'Doloremque consequatur molestiae tempore architecto voluptatem unde est. Eius dolore voluptas porro non labore suscipit qui. Neque saepe corporis quia. Quibusdam nobis vero labore corrupti provident nostrum quaerat.', 0, '2018-03-09 22:54:18', '2018-03-09 22:54:18'),
(238, 11, 'Linnie Turcotte', 'Omnis sed voluptatibus aut laboriosam rerum. Rem amet necessitatibus ad omnis. Voluptas rerum et unde et repellendus esse. Et dolor temporibus deleniti.', 2, '2018-03-09 22:54:18', '2018-03-09 22:54:18'),
(239, 14, 'Victoria Brekke', 'Iure dolor dolores pariatur a alias repellendus unde. Rerum quia eum a culpa perferendis debitis eaque quia. Fugiat aspernatur dicta ipsa necessitatibus ipsa.', 2, '2018-03-09 22:54:18', '2018-03-09 22:54:18'),
(240, 5, 'Delfina Bartell III', 'Fugiat quia nulla qui molestiae et. Laboriosam inventore aut voluptate totam perferendis impedit voluptatem. Impedit voluptate officia temporibus iure. Quae et quos voluptatibus est eos.', 3, '2018-03-09 22:54:18', '2018-03-09 22:54:18'),
(241, 21, 'Chyna Kiehn', 'Velit sit quidem reiciendis exercitationem sint. Enim facilis sit assumenda est distinctio vitae iste. Harum autem autem eius veritatis aut maxime.', 2, '2018-03-09 22:54:18', '2018-03-09 22:54:18'),
(242, 41, 'Terrance Bayer', 'Ab sapiente quia aspernatur rerum officiis. Velit ex et aut vero. Amet sint magni ipsum dicta possimus neque.', 3, '2018-03-09 22:54:18', '2018-03-09 22:54:18'),
(243, 5, 'Prof. Green Jast DVM', 'Et voluptatem ratione sunt dignissimos totam dicta. Optio qui debitis commodi quod repudiandae voluptatem doloremque in. Omnis voluptatem at officia accusantium architecto molestiae animi.', 1, '2018-03-09 22:54:18', '2018-03-09 22:54:18'),
(244, 39, 'Prof. Cameron McDermott', 'Dolorem delectus quam ut sit fugiat mollitia. Vero ipsam rerum dolore sit.', 3, '2018-03-09 22:54:18', '2018-03-09 22:54:18'),
(245, 47, 'Patience Carter', 'Velit et iure quis reprehenderit. Officiis consectetur in et veritatis.', 3, '2018-03-09 22:54:18', '2018-03-09 22:54:18'),
(246, 27, 'Kaleigh Ritchie', 'Animi minima dolorum voluptatem neque corporis quidem eligendi. Veritatis ipsa architecto et eaque. Occaecati at soluta ut voluptas. Dolores omnis doloribus enim ipsum repudiandae officia omnis illo.', 5, '2018-03-09 22:54:18', '2018-03-09 22:54:18'),
(247, 18, 'Prof. Akeem Ritchie Sr.', 'Amet quia doloribus non nihil excepturi cumque fugit nisi. Omnis minus impedit quam dignissimos quisquam aut sed. In provident laborum delectus exercitationem a cumque. Et consectetur aut dolorum odit.', 3, '2018-03-09 22:54:18', '2018-03-09 22:54:18'),
(248, 18, 'Mrs. Pinkie Witting', 'Velit reiciendis vel fugiat at officiis eos est. Amet minima sunt consequatur amet. Inventore aut qui facere a atque cum.', 0, '2018-03-09 22:54:18', '2018-03-09 22:54:18'),
(249, 28, 'Cara Jones', 'Quibusdam explicabo quam unde ea ut. Adipisci quibusdam aperiam quos ab et in eligendi. Sint repellendus veritatis doloribus consequatur. Quae necessitatibus asperiores impedit optio rem reiciendis. Illo fugiat rem veritatis.', 0, '2018-03-09 22:54:18', '2018-03-09 22:54:18'),
(250, 28, 'John Bartoletti', 'Quo totam dolores blanditiis nam voluptatum repellat rerum est. Quas impedit consectetur soluta. Odio harum ex ut. Voluptatum et aut saepe. Dolores voluptatem expedita dolores vel eligendi.', 0, '2018-03-09 22:54:18', '2018-03-09 22:54:18'),
(251, 25, 'Rashad Vandervort PhD', 'Vitae eum voluptas ducimus doloremque facere ipsam aspernatur. Repellendus sunt cupiditate maxime cum. Blanditiis eum qui velit corporis laborum.', 1, '2018-03-09 22:54:18', '2018-03-09 22:54:18'),
(252, 34, 'Phyllis Thiel', 'Iusto aut laudantium sit animi ut laborum. Iste voluptatem ad consequuntur sit.', 2, '2018-03-09 22:54:18', '2018-03-09 22:54:18'),
(253, 19, 'Larue Ledner', 'Rerum quis ipsam velit voluptas voluptatibus et voluptatum. Adipisci esse soluta dolores qui. Dolore eum unde a enim.', 4, '2018-03-09 22:54:18', '2018-03-09 22:54:18'),
(254, 20, 'Judah Goodwin I', 'Voluptas ea velit qui fugit ad recusandae sed. Nemo architecto quibusdam molestiae. Quod repudiandae nam excepturi.', 2, '2018-03-09 22:54:18', '2018-03-09 22:54:18'),
(255, 7, 'Norbert Barrows', 'Doloremque mollitia odit ducimus dolor veritatis qui quia. Ratione non ut ea officiis omnis dolor. Est aut deserunt sunt voluptas expedita.', 0, '2018-03-09 22:54:18', '2018-03-09 22:54:18'),
(256, 14, 'Mrs. Della Kertzmann', 'Quibusdam consequatur perspiciatis qui officia. Nostrum dicta quia dolor ipsum molestiae libero. Sed aspernatur iure delectus deleniti et. Saepe illo placeat voluptates et eos exercitationem corrupti.', 5, '2018-03-09 22:54:18', '2018-03-09 22:54:18'),
(257, 50, 'Mr. Triston King MD', 'Ut omnis quis dolore sint. Voluptas tenetur sunt magnam explicabo beatae sed voluptas. Et voluptatibus sit aperiam rerum quisquam nostrum.', 2, '2018-03-09 22:54:18', '2018-03-09 22:54:18'),
(258, 36, 'Kayden Windler', 'Autem quidem et explicabo cum optio beatae aut esse. Vero et aut voluptatibus tenetur. Occaecati nam nihil qui cum consequatur et. Vel neque odit aut voluptatem.', 3, '2018-03-09 22:54:18', '2018-03-09 22:54:18'),
(259, 25, 'Kyle Jacobs I', 'Id dolores vel officiis qui. Ipsum consequatur distinctio tempore mollitia. Totam dolores perspiciatis dolorum corrupti aut. Labore sit repellat vel.', 2, '2018-03-09 22:54:18', '2018-03-09 22:54:18'),
(260, 34, 'Laurie Senger', 'Soluta qui eos aperiam quia aliquid atque. Est nulla molestiae aut similique provident eaque occaecati. Voluptate non asperiores cumque ut eum quaerat. Tenetur corporis consequatur natus consequatur facere suscipit.', 0, '2018-03-09 22:54:18', '2018-03-09 22:54:18'),
(261, 21, 'Nedra Conn', 'Ut sint quia nihil quia sint nobis nostrum sint. Nisi excepturi rem rerum iusto consequatur aut. Autem sunt quisquam voluptatem consequuntur.', 2, '2018-03-09 22:54:18', '2018-03-09 22:54:18'),
(262, 32, 'Marjory Schaefer', 'Sit recusandae sed ut accusamus. Accusantium voluptatum vero maxime consequatur consequatur dolorum. Voluptatem minima tempore iusto enim non.', 3, '2018-03-09 22:54:18', '2018-03-09 22:54:18'),
(263, 6, 'Alana Beatty', 'Voluptatem et architecto quo et dolor et a. Provident est libero reiciendis et sit. Quae illo tenetur qui fugit illo voluptas.', 5, '2018-03-09 22:54:18', '2018-03-09 22:54:18'),
(264, 3, 'Nelson Herman', 'Officiis corrupti voluptatem animi quae omnis qui. Alias voluptatem doloremque et tenetur perspiciatis unde. Sit minus dignissimos aperiam corrupti.', 1, '2018-03-09 22:54:18', '2018-03-09 22:54:18'),
(265, 7, 'Mrs. Delphia Bashirian I', 'Sit et aliquam unde mollitia alias praesentium. Maiores suscipit necessitatibus illum perferendis officiis voluptatem optio non.', 0, '2018-03-09 22:54:18', '2018-03-09 22:54:18'),
(266, 20, 'Josue Powlowski', 'Est molestiae vero qui debitis. Facilis qui nobis iusto id ut cumque quisquam. Voluptas qui distinctio quia ducimus officiis debitis dolores delectus. Expedita maiores et neque repellendus voluptatem.', 0, '2018-03-09 22:54:18', '2018-03-09 22:54:18'),
(267, 33, 'Crystel Christiansen', 'Aperiam ab voluptates facilis ut nemo cumque. Vel eum velit ut officiis. Qui fugiat magnam minus eum ut alias dicta. A expedita earum et enim aut doloribus unde.', 5, '2018-03-09 22:54:18', '2018-03-09 22:54:18'),
(268, 46, 'Ms. Kathryne Kemmer I', 'Assumenda quibusdam vel id aspernatur et. Maiores necessitatibus in velit sapiente. Nihil repellat provident ad consectetur recusandae. Qui ullam minima aliquam omnis voluptatem temporibus possimus ab. Aut nemo qui nostrum officiis aut.', 2, '2018-03-09 22:54:18', '2018-03-09 22:54:18'),
(269, 18, 'Marlon Hauck PhD', 'Eaque aliquid alias voluptatum velit ut impedit. Et vel nulla itaque porro. Enim ullam voluptatum consectetur.', 3, '2018-03-09 22:54:18', '2018-03-09 22:54:18'),
(270, 29, 'Silas Jones IV', 'Nisi ducimus magni omnis et voluptas exercitationem sit. Facere enim corrupti voluptates perferendis et vero ut. Dolorum in sit dolores sunt voluptas ducimus.', 1, '2018-03-09 22:54:18', '2018-03-09 22:54:18'),
(271, 29, 'Liliana Kunde', 'Id enim voluptatum iusto neque veniam sequi et odio. Qui eum et excepturi quia blanditiis et. Quia dolore commodi voluptatem minus officiis ut mollitia ipsa.', 0, '2018-03-09 22:54:18', '2018-03-09 22:54:18'),
(272, 8, 'Wallace Lemke Jr.', 'Dolorem sunt nihil ducimus excepturi officia. Alias et voluptate qui aperiam non fugit aut. Facere quis nam accusantium accusamus consequatur voluptates. Cupiditate voluptas excepturi voluptatum nisi adipisci.', 3, '2018-03-09 22:54:18', '2018-03-09 22:54:18'),
(273, 32, 'Cristobal Bernier', 'Labore beatae illum provident voluptatum delectus. Voluptatem at nisi aut. Quaerat libero assumenda sed voluptas a. Dolorem aspernatur praesentium architecto enim eos occaecati porro.', 3, '2018-03-09 22:54:18', '2018-03-09 22:54:18'),
(274, 12, 'Maverick Fay', 'Dolores necessitatibus enim repellendus eum enim praesentium aliquam et. Tempore voluptatem distinctio repellendus autem corrupti. Et maxime corrupti quo unde tenetur et molestias. Perferendis laboriosam quia est odio.', 0, '2018-03-09 22:54:18', '2018-03-09 22:54:18'),
(275, 33, 'Elton Schaefer IV', 'Non consequatur culpa et aut. Dolor voluptatibus numquam eligendi facere. Consequatur nulla aut laudantium reprehenderit distinctio ab voluptates architecto.', 0, '2018-03-09 22:54:18', '2018-03-09 22:54:18'),
(276, 46, 'Golden Luettgen', 'Corporis voluptate maiores vero. Excepturi consequatur laboriosam laboriosam reprehenderit voluptate. Eos unde ut quia quas est voluptas. Quaerat quos dolores enim consequatur. Ipsa illum est nam laboriosam blanditiis recusandae eveniet.', 5, '2018-03-09 22:54:18', '2018-03-09 22:54:18'),
(277, 17, 'Maxime Mann', 'Quos excepturi consequuntur provident velit. Exercitationem cum et et similique. Eveniet ut assumenda quae sed et dolores ipsa.', 4, '2018-03-09 22:54:18', '2018-03-09 22:54:18'),
(278, 23, 'Eve McKenzie IV', 'Nesciunt earum esse consequatur asperiores. Nam odio occaecati recusandae. Repellendus est in illo placeat alias.', 5, '2018-03-09 22:54:18', '2018-03-09 22:54:18'),
(279, 28, 'Briana Gusikowski', 'Voluptatem cumque laborum animi voluptas. Reprehenderit est veniam nesciunt. Molestiae quam beatae et vel qui. Autem nihil eum et voluptatibus autem.', 5, '2018-03-09 22:54:18', '2018-03-09 22:54:18'),
(280, 46, 'Mr. Jaiden Torp V', 'Dolores voluptatem quis quae impedit quam rerum. Ut dolorem sed tenetur est voluptatem. Rerum atque non natus error numquam sint corporis velit. Dolore labore voluptatem aut quasi quasi quis asperiores.', 1, '2018-03-09 22:54:18', '2018-03-09 22:54:18'),
(281, 29, 'Gage Orn', 'Eligendi velit consequatur iusto. Asperiores enim dolores iusto vero possimus quis vero. Dignissimos porro distinctio mollitia incidunt impedit voluptatem facilis id.', 0, '2018-03-09 22:54:18', '2018-03-09 22:54:18'),
(282, 6, 'Ms. Juliana Roberts', 'Quia porro consectetur ducimus ipsa magnam molestiae consequatur. Quis sed illo suscipit id laboriosam sed commodi. Dolores officiis dignissimos voluptas quia aut molestiae.', 5, '2018-03-09 22:54:18', '2018-03-09 22:54:18'),
(283, 34, 'Lelia Pouros', 'Soluta eveniet qui nemo consequatur. Quod omnis enim aliquid odio laboriosam. Nesciunt qui ut eos. Molestiae error mollitia eum vitae. Provident facere rerum enim nihil inventore aut.', 2, '2018-03-09 22:54:18', '2018-03-09 22:54:18'),
(284, 6, 'Selena Haley', 'Architecto est autem expedita quisquam et aut sed. Tempora non voluptates totam et totam. Atque aliquid voluptatum esse eos nulla soluta praesentium.', 2, '2018-03-09 22:54:18', '2018-03-09 22:54:18'),
(285, 24, 'Mackenzie Graham', 'Eius aut autem quisquam vitae ipsam fugit. Magni consectetur vel quisquam perspiciatis veritatis cum ipsum. Delectus provident beatae necessitatibus magnam sit. Exercitationem nam mollitia est non nulla repudiandae.', 5, '2018-03-09 22:54:18', '2018-03-09 22:54:18'),
(286, 42, 'Sheldon Turcotte', 'Temporibus voluptate eum excepturi voluptatem necessitatibus necessitatibus. Quia provident numquam placeat quia doloremque. Dolor enim provident et ea iste dolor fugit illum.', 3, '2018-03-09 22:54:18', '2018-03-09 22:54:18'),
(287, 9, 'Freida O\'Conner', 'Dolore voluptatibus aspernatur et rerum. Quia sint quibusdam vel dolores quo. Dolorum quidem omnis qui corporis sed placeat. Enim eaque dolorum hic perferendis ex sapiente.', 4, '2018-03-09 22:54:18', '2018-03-09 22:54:18'),
(288, 18, 'Mr. Jerome Larkin', 'Fuga est non molestiae non non. Consequatur aliquid sequi quia eos. Sequi consequatur nisi dolorum quae.', 3, '2018-03-09 22:54:18', '2018-03-09 22:54:18'),
(289, 16, 'Ms. Heloise Lockman DVM', 'Nisi voluptas est eos molestias laborum deserunt sit accusamus. Debitis quae qui excepturi beatae laborum voluptatem. Sit tempore et ratione voluptate eligendi.', 4, '2018-03-09 22:54:18', '2018-03-09 22:54:18'),
(290, 27, 'Nikko Will', 'Et ipsam iure voluptatem non. Veniam quos eos repellat aspernatur illum. Illo eaque ab quia cupiditate repellendus mollitia. Eum maxime possimus aut ad.', 4, '2018-03-09 22:54:18', '2018-03-09 22:54:18'),
(291, 48, 'Terrill Connelly', 'Possimus quia id ipsum et est est eius. Aliquam aspernatur explicabo perferendis iure et eos et. Modi nisi dignissimos hic id ut suscipit. Quam commodi quibusdam non voluptas repellendus ea sed.', 3, '2018-03-09 22:54:18', '2018-03-09 22:54:18'),
(292, 21, 'Davin Rau', 'Aut at sint in similique. Voluptatem ut nisi magni dolor delectus itaque. Dolor ea enim optio. Aut laudantium saepe eum enim dolorem commodi.', 2, '2018-03-09 22:54:18', '2018-03-09 22:54:18'),
(293, 26, 'Ms. Nellie Smith III', 'Aut ut odit doloremque. Et eligendi deserunt aspernatur veniam quae asperiores rem. Labore possimus dolorum ullam molestias voluptas officiis commodi.', 4, '2018-03-09 22:54:18', '2018-03-09 22:54:18'),
(294, 26, 'Marielle Rice', 'Voluptatem sed et et. Et aut optio maxime corrupti error. Qui aut doloribus ut aperiam eos. Amet architecto rerum debitis veniam debitis repellendus et.', 1, '2018-03-09 22:54:18', '2018-03-09 22:54:18'),
(295, 36, 'Arvel Cummings', 'Facilis delectus aut dolor quia non aliquam fugiat. Pariatur accusantium voluptatibus vero rerum cum pariatur. Dolorum quaerat dolore omnis accusantium. Rerum cupiditate omnis rem at molestias eius voluptatibus.', 3, '2018-03-09 22:54:18', '2018-03-09 22:54:18'),
(296, 33, 'Prof. Devonte Wiza', 'Ratione voluptas officia et rerum harum qui similique. Quasi voluptatem nesciunt temporibus sint. Cum alias voluptatem dolorem. Quis quasi et fugit non.', 1, '2018-03-09 22:54:18', '2018-03-09 22:54:18'),
(297, 24, 'Mark Heaney', 'Ab consequuntur quas voluptas soluta consequuntur cumque et. Nisi vel consequatur porro eos. Rerum accusamus sint dolores modi eum voluptas.', 1, '2018-03-09 22:54:18', '2018-03-09 22:54:18'),
(298, 42, 'Prof. Zachery Reilly', 'Ab est expedita culpa expedita maxime. Nesciunt sed sit dolor voluptas.', 5, '2018-03-09 22:54:18', '2018-03-09 22:54:18'),
(299, 32, 'Delta Yundt', 'Quia iste nemo eaque fugit eos expedita expedita. Modi tempora quaerat ut saepe voluptas ipsa molestias. Fugit qui ex velit accusantium. Officiis fugiat ut ut voluptatibus. Illo cum quia voluptas laborum omnis.', 0, '2018-03-09 22:54:18', '2018-03-09 22:54:18'),
(300, 20, 'Scottie Gerlach', 'Voluptatibus et harum ut esse tempore ad. Earum velit aliquid provident magnam perspiciatis accusantium ipsa. Rerum error doloremque animi repudiandae recusandae tempore. Ipsa est voluptatem tempore expedita veritatis accusamus sint. Sequi voluptatum voluptatum optio.', 2, '2018-03-09 22:54:18', '2018-03-09 22:54:18');

--
-- Indexes for dumped tables
--

--
-- Indexes for table `migrations`
--
ALTER TABLE `migrations`
  ADD PRIMARY KEY (`id`);

--
-- Indexes for table `products`
--
ALTER TABLE `products`
  ADD PRIMARY KEY (`id`);

--
-- Indexes for table `reviews`
--
ALTER TABLE `reviews`
  ADD PRIMARY KEY (`id`),
  ADD KEY `reviews_product_id_index` (`product_id`);

--
-- AUTO_INCREMENT for dumped tables
--

--
-- AUTO_INCREMENT for table `migrations`
--
ALTER TABLE `migrations`
  MODIFY `id` int(10) UNSIGNED NOT NULL AUTO_INCREMENT, AUTO_INCREMENT=3;

--
-- AUTO_INCREMENT for table `products`
--
ALTER TABLE `products`
  MODIFY `id` int(10) UNSIGNED NOT NULL AUTO_INCREMENT, AUTO_INCREMENT=51;

--
-- AUTO_INCREMENT for table `reviews`
--
ALTER TABLE `reviews`
  MODIFY `id` int(10) UNSIGNED NOT NULL AUTO_INCREMENT, AUTO_INCREMENT=301;

--
-- Constraints for dumped tables
--

--
-- Constraints for table `reviews`
--
ALTER TABLE `reviews`
  ADD CONSTRAINT `reviews_product_id_foreign` FOREIGN KEY (`product_id`) REFERENCES `products` (`id`) ON DELETE CASCADE;
COMMIT;

/*!40101 SET CHARACTER_SET_CLIENT=@OLD_CHARACTER_SET_CLIENT */;
/*!40101 SET CHARACTER_SET_RESULTS=@OLD_CHARACTER_SET_RESULTS */;
/*!40101 SET COLLATION_CONNECTION=@OLD_COLLATION_CONNECTION */;
